文章日期,標題,作者,新聞內容
2022/7/5,真實鐵達尼號唯一日本倖存者，回國竟被痛罵懦夫、國恥！死後日記揭「真相」讓世人都沉默,連珮妤,20多年來，好萊塢電影《鐵達尼號》（Titanic、泰坦尼克號）中男女主角的動人故事，讓許多人對這起世紀悲劇僅有浪漫淒美的印象；這艘在當時號稱全世界最大的郵輪在一夕間沉沒，造成1500多人喪生，只有700名生還者，成為史上最嚴重的船難。但電影沒演到的真實故事是，當年有一名日本乘客，幸運逃過死劫、回國之後，卻遭到全日本民眾的撻伐。這名日籍生還者細野正文，究竟在鐵達尼號發生意外那天，是如何從船上逃出來的？而幸運生還細野正文為何卻又因為一篇「爆料文」，一輩子都得承受「國恥」、「懦夫」的罵名呢？1912年4月2日，英國皇家郵輪（RMS）打造的地表最大、最奢華的「鐵達尼號」完工，因為建造過程繁雜、花費高昂，床艙內部更是富麗堂皇，所以世界各地的人們也慕名搶搭這艘史上最豪華的郵輪。8天後，鐵達尼號正式啟航，由英國海軍上校愛德華·約翰·史密斯（Edward John Smith）擔任船長，目的地為美國紐約港。郵輪上的乘客社會地位有極大的差異，宛如是當時大英帝國的縮影，從千萬富翁、普通市民，以及愛爾蘭、亞美尼亞、義大利等各國貧民，一同搭上了鐵達尼號，希望能到紐約展開全新的生活。沒想到平穩的航行過了4天後，大難即將臨頭..1912年4月14當晚，海上風平浪靜，頭等艙乘客傑克·賽耶在回憶錄中寫道：「那是一個星光燦爛的夜晚，沒有月亮，我從沒見過星星這麼亮，它們在天空中就像切割過的鑽石一樣閃亮。水面上有一道很難察覺的薄霧，我很常坐船渡海，但我從來沒見過比當天更平滑的海洋，它就像池塘一樣純淨無邪，讓這艘大船靜靜的掠過它......不久後，瞭望員在前方看見了一座冰山，距離僅剩約450米。他搖響了三次瞭望台警鐘，趕緊打電話通知高層。鐵達尼號也在千鈞一髮之際，改變了方向避免迎頭撞上大冰山，但改變方向卻也不幸地讓船體擦撞旁邊的冰山。這時高層仍相信鐵達尼號不會有事，堅持要船長繼續前進。接著，就跟電影的劇情一樣，1912年4月15日凌晨，船艙大量進水、鐵達尼號逐漸下沉，船長下令開放救生艇進行疏散：「小孩和女人優先，再來才是男人！」不過社會階級卻決定了乘客的生還機率，能登上救生艇的乘客都多都是頭等艙、二等艙的乘客；另一方面，就像電影中的男主角一樣，三等艙的乘客甚至到不了甲板、都被困在動線複雜的下層客艙區域，其中許多人已經放棄自救，只能坐在餐廳禱告、尋求上帝的庇護..凌晨2點20分，鐵達尼號斷成兩節、沉入海中，這場意外造成1514人罹難，救出了710名乘客，而在這生還者之中，有一名日本男人細野正文活下來了，他被稱為是「幸運的日本男孩」。但沒想到回到日本後，一篇對細野正文逃生的「爆料」，控訴他偽裝成婦孺、甚至推倒別人強行登救生艇，讓他一夕之間成為舉國痛罵的國恥、懦夫…...究竟發生了什麼事？鐵達尼號沉船後，各界悲痛萬分，這起世紀災難也橫掃更大媒體版面，其中有許多感人的故事被報導出來：罹難者之一、同時也是當時世上最富有的管線大亨班傑明·古根海姆（Benjamin Guggenheim），當晚他幫助許多婦孺登上了救生艇；得知自己可能無法獲救之後，他換上了最華麗的晚禮服，說道：「我已經準備好了，就算船沉了也要死得像個紳士」，還留下了遺言：「沒有任何一位女性，會因為古根海姆是個『懦夫』而上不了救生艇。」之後他與男僕就坐在大廳的折疊椅上一邊喝白蘭地、一邊抽雪茄，從容赴死，直到今天他的遺體都沒有被尋獲。在船上的還有，美國億萬富豪約翰·雅各·阿斯特四世（John Jacob Astor IV），在沉船當時，他只讓懷著身孕的妻子、女僕、護士登上救生艇，根據後來媒體報導，他本來也要上救生艇，卻瞥見了2個在甲板上瑟瑟發抖的孩子，就讓出了座位，之後他就安靜的坐在甲板上。他的遺體後來被海底電纜維修船找到。另外還有美國梅西百貨的老闆伊西多·史特勞斯（Isidor Straus）也在船上，據生還者的說法，當時有人問他是否要跟妻子一同登上救生艇，他斷然拒絕道：「我不會比其他人先走！」而他太太也追隨他，先讓女僕登上救生艇、並為她披上皮大衣，之後又跟丈夫說：「我們已經在一起生活這麼多年，無論你去哪裡，我都會跟隨你。」最終兩人也隨著鐵達尼號沒入海中，至今未尋獲遺體。在沉船悲劇後出現的感人故事中，卻有一則新聞讓全世界憤怒不已！細野正文，是當時明治時期的一名日本政府鐵道官僚，也是鐵達尼號唯一的日本籍乘客、生還者，一開始他被美國媒體稱為一位「幸運的日本男孩」，回到東京後還收到許多報章雜誌的採訪邀約。但他卻沒想到，他的生還事蹟卻在美國引起了廣大的討論...鐵達尼號生還者作家阿奇博·格雷西四世（Archibald Gracie IV），指控細野正文是10號救生艇的「偷渡者」，更有人出面指控他偽裝成女人，卯足全力爬上了載滿婦女與兒童的救生艇；一名英國白人乘客也控訴細野正文推開了其他站在甲板上的人，自己跳上救生艇、僥倖撿回一命。許多歐美媒體也大力抨擊細野正文，指責這位日本男人不夠紳士，至此日本人的形象一夕之間跌落谷底。這些評論傳回日本後輿論一片譁然，他成了全日本的國恥跟敗類。他收到了雪片般的謾罵信、接著他任職的鐵道院也寄來了解雇信，日本媒體更用斗大的標題痛批他「懦夫」，有違日本武士道犧牲奉獻的精神，更將他逃生的卑鄙行徑被編入了教科書作為反面教材。一位日本記者發表評論：「在鐵達尼號巨輪上將求生機會留給婦女和兒童的那些男人，將永遠活在人們的心中；而細野正文，則在人們的心目中早已死掉了。他恥辱地多活了些年，還不如當時勇敢地死去。」直到1939年逝世，細野正文都未曾向後代子孫談論過有關「鐵達尼號」的故事，他一輩子承受道德的譴責，不過死後恥辱仍籠罩著他的家族，甚至連他的兒子都為父親感到羞恥。那天晚上，他被艙門開關的聲音吵醒了，後來他穿著睡衣出來查看情況，突然有一名服務員扔給他一件救生衣就匆忙離開。他還沒搞清楚狀況，便被推到了三等艙的甲板。到了甲板之後，他看見救生艇被一艘一艘放入水面，船上到處都是火光。他也寫下：「作為一個日本人，應當保證不玷汙日本人的名譽，但我又等待、尋找著那一絲希望......」突然有一名疏散人員大喊：「這艘船還可以再上來兩人！」而當時細野正文因為他是亞洲人的面孔，被誤認為是三等艙的乘客，其實他是二等艙的乘客，因此他擁有登船的優先權。細野正文也就抓緊機會，跳了上去。而事後也證明，指控「有一個日本人推倒別人強行上船」的英國白人乘客是搭乘13號救生艇；而細野正文是搭乘10號救生艇，兩人根本不可能碰頭，此外10號救生艇當時也確實還有2個空位。事後證明了細野正文的清白，但還是來遲了，當所有人將罪名推到他身上時，他沉默以對、終其一生都在獲救的罪惡感與謾罵中度過。而當時世人對「紳士品格」、「武士道」精神的過度追求，對他造成的傷害卻已無法挽回。
2018/11/12,鐵達尼號的真實故事：世界首富把救生船的位子讓給了三等艙的婦女，只為守護「保護弱者」原則,周慧心,"1912年4月14日深夜，「不沉之船」——鐵達尼號（ Titanic）在北大西洋撞上冰山。2個多小時後，當地時間15日凌晨2點20分，泰坦尼克號沉沒，共有705人得救，1,502人罹難。100年後，人們還在追憶著那個恐怖、冰冷的夜晚曾發生的真實故事。38歲的查爾斯‧萊特勒（Charles Lightoller）是泰坦尼克二副，他是最後一個從冰冷的海水中被拖上救生船、職位最高的生還者。他寫下17頁回憶錄，詳述了沉船災難的細節。他在回憶錄中寫道：面對沉船災難，船長命令先讓婦女和兒童上救生艇，許多乘客顯得十分平靜，一些人則拒絕與親人分離。「根本找不到幾個願意撇下親人而獨自踏上救生艇的女人或孩子！」在大副和萊特勒的勸說下，第一艘放下水中能坐65人的救生艇只上了28人。鐵達尼號老船長愛德華‧約翰‧史密斯（Edward John Smith）（Public Domain）鐵達尼號老船長愛德華‧約翰‧史密斯（Edward John Smith）（Public Domain）4月15日2時5分，最後一艘救生艇帶著44人離開鐵達尼號，留下1,500多人等待死神到來。此時，鐵達尼號老船長愛德華‧約翰‧史密斯（Edward John Smith），向電報員布萊德和菲利普示意可以離開崗位。「現在要靠大家自己了。」這位白鬚老人說完後逕直走向艦橋。當所有救生艇都走了以後，鐵達尼號上出現了一片奇怪的寧靜，大家彷彿不再驚慌，數百人靜靜地站在甲板上，接著，鐵達尼號越來越傾斜。「所有燈火突然全部熄滅了，這時船身與海面差不多成了垂直的狀態，接著我開始聽到船身內部發出可怕的隆隆聲，就好像遙遠的雷鳴聲一樣。那些鍋爐脫離了它們的基座，一路下墜，穿破船身。深夜兩點鐘時，船身與海面變得徹底垂直，船尾高高翹起，這種令人驚異的景象一直持續了大約2分鐘，接著它開始慢慢地、並不斷加速著靜靜滑入海底……」。萊特勒寫道∶「只要我活著，那一夜我永遠無法忘記，就是當船尾開始沉入水下，我聽到在那最後一刻，在生死離別的最後一刻，人們彼此呼喊的是：『我愛你！我愛你！』」「我愛你們」亞斯特四世（John Jacob Astor IV）是當時世界首富。他把懷著5個月身孕的妻子瑪德琳送上4號救生艇後，站在甲板上，帶著他的狗，點燃一根雪茄煙，對著劃向遠處的小艇最後呼喊：「我愛你們！」由於亞斯特上校對紐約的債券市場有著重要的影響，大副默多克曾以軍人的方式命令作為「關鍵人物」的亞斯特上救生艇，被亞斯特「憤怒」地拒絕：「我喜歡最初的說法（保護弱者的古老守則）」，然後，把他的位置讓給了三等艙的一個愛爾蘭婦女。幾天之後，在北大西洋黎明的晨光中，麥克凱‧班尼特打撈船員，發現了亞斯特上校，上校的頭顱被煙囪打碎，口袋裡還有2,440元美金……他的資產，在當時可以建造十幾艘「鐵達尼號」巨輪，然而亞斯特上校拒絕了可以逃命的所有正當理由。再多的海水都不能淹沒的愛斯特勞斯（Ida Straus）是世界第二巨富，美國梅西百貨公司（Macy’s）創始人。直到今天，座落在紐約曼哈頓第六大道上的「梅西百貨」仍然是世界最大的百貨公司。他無論用甚麼辦法，他的太太羅莎莉始終拒絕上8號救生艇，她說：多少年來，你去哪我去哪，我會陪你去你要去的任何地方。這位偉大的女性把自己的位子讓給了她的女傭，她把毛皮大衣脫下來甩給女傭：「我用不到它了。」8號艇救生員對67歲的斯特勞斯先生說：我保證不會有人反對像您這樣的老先生上小艇。斯特勞斯堅定地回答：我絕不會在別的男人之前上救生艇。然後挽著63歲羅莎莉的手臂，一對老夫婦蹣姍地走到甲板的籐椅上坐下，等待著最後的時刻。紐約市布朗區矗立著為斯特勞斯夫婦修建的紀念碑，上面刻著這樣的文字：再多的海水都不能淹沒的愛（Many waters cannot quench love, neither can the floods drown it.）。6,000多人出席了當年在曼哈頓卡耐基音樂廳舉行的紀念斯特勞斯的晚會。「這要是一場夢該有多好！我從未想過，如此眾多生命竟然葬身令我引以為傲的鐵達尼號。我盼望這一切儘快結束，也許下1分鐘，海水就會衝破船壁，將我和鐵達尼號徹底吞噬。我寧願這一刻早點到來，讓我像一個紳士一樣死去，只有那樣，才能撫平我內心的歉疚，對不起！我的乘客；對不起!我的妻子海倫，我最內疚的是，沒能陪你度過餘生。」他悲痛地對船員說：孩子，我沒有給你造一條不會沉沒的船。1912年4月19日，安德魯斯的父親收到一封電報。他眼含熱淚，驕傲地把電報讀給全家人聽：「鐵達尼號上所有船員一致讚揚安德魯斯只顧他人安全，至死方休的英雄行為。」倖存者瑪麗‧斯洛安是船上的服務員，她回憶說，是安德魯斯說服她登上救生艇，而他自己則英雄般迎接命運的到來，再也找不到替代他的人了。「上去吧！孩子不能沒有母親」著名銀行大亨本傑明‧古根海姆（（Benjamin Guggenheim）），穿上最華麗晚禮服：我要死得體面，像一個紳士。他給太太留下的紙條寫著：這條船不會有任何一個女性因我搶佔了救生艇的位置，而剩在甲板上。我不會死得像一個畜生，我會像一個真正的男子漢。一名叫那瓦特列（Navratil）的法國商人，把兩個孩子米歇爾（Michelle）和埃蒙德（Edmond）送上了救生艇，委託幾名婦女代為照顧，自己卻拒絕上船。兩個兒子——後被稱為「鐵達尼號孤兒」——獲救後，世界各地的報紙紛紛登載他們的照片，直到他們的母親從照片上認出了他們，孩子卻永遠失去了父親。新婚燕爾的麗德帕絲同丈夫去美國度蜜月，她死死抱住丈夫不願獨自逃生，丈夫在萬般無奈中一拳將她打昏，麗德帕絲醒來時，她已在一條救生艇上了。此後，她終生未再嫁，以此懷念亡夫。在瑞士洛桑的倖存者聚會上，史密斯夫人深情懷念一名無名母親：當時我的兩個孩子被抱上了救生艇，由於超載我坐不上去了，一位已坐上救生艇的女士起身離座，把我一把推上了救生艇，對我喊了一聲：「上去吧，孩子不能沒有母親！」這位偉大的女性沒有留下名字。後來為她豎了一個無名母親紀念碑。鐵達尼號上的50多名高級職員，除指揮救生的二副萊特勒倖存，全部戰死在自己的崗位上。凌晨2點一號電報員約翰‧菲利普接到船長棄船命令，但他仍坐在發報機房，保持著不停拍發「SOS」的姿式，直至最後一刻。在1912年泰坦尼克號紀念集會上，白星輪船公司對媒體表示：沒有所謂的海上規則要求男人們做出犧牲，他們那麼做只能說是一種強者對弱者的關照，這是他們的個人選擇。《永不沉沒》（Unsinkable : The Full Story of RMS Titanic）的作者丹尼‧阿蘭巴特勒（Daniel Butler）感歎：這是因為他們生下來就被教育：責任比其他更重要。網友黃大郎在其微博上寫道：「這是真正大寫的『人』！我認為，比風靡一時的電影更加令人感動。電影是再塑造的，當事人的記載更真實。如果我遇到類似的處境，在我優柔寡斷的時候，我會記起『泰坦尼克號的真實』。要想為苟且偷生找個由頭是太容易不過的事情了。」「孩子，我沒有給你造一條不會沉沒的船」鐵達尼號設計師托馬斯‧安德魯斯（Thomas Andrews）最後一次被人看到，是獨自在一等艙吸煙室裡。不久後，他與自己一生的傑作一同葬身海底，屍體至今未被尋回。"
2022/4/11,鐵達尼號真人真事　歌女戀富二代天人永隔　生還後終生不嫁,陳婉珺,今年是鐵達尼號沉沒110週年，明珠台昨晚（10日）重播由里安納度狄卡比奧（Leonardo DiCaprio）與琦溫絲莉（Kate Winslet）主演的經典愛情電影《鐵達尼號》（Titanic），除了戲中露絲和傑克的愛情故事外，戲外亦有一段塵封50年，鐵達尼號生還歌女於船上邂逅富二代的真人真事，同樣淒美。Berthe Antonine Mayné是其中一名鐵達尼號生還者，她獲救後曾多次向親友講述自己與愛人於鐵達尼號的經歷，卻一直無人相信，直至她去世後，家人才於她的遺物中發現這段塵封50年的淒美愛情故事。貝爾特．梅恩從小夢想成為歌星，年輕的她在比利時首都布魯塞爾的一間酒店當駐唱歌手，聲音優美的梅恩很快就擄獲粉絲的心，聲名大噪。1911年冬天，梅恩認識了來自富裕家庭的加拿大曲棍球運動員巴斯特（Quigg Edmond Baxter），兩人一見鐘情，旋即陷入熱戀，但因為身分地位懸殊，這段戀情一直無法公開於世。然而，甜蜜戀情才剛開始不久，巴斯特準備與母親和妹妹搭乘當時世界上最偉大的「鐵達尼號」返回北美，很有可能不會再回來比利時。隨著啟航之日逼近，船票的黑市價格水漲船高，但為了與愛人廝守，倉促之下巴斯特趕緊幫梅恩訂了一張第二艙等的船票，並將船票上梅恩名字更改為「德維莉夫人」（Mrs de Villiers）。啟航後，梅恩與巴斯特在船上度過四天甜蜜時光，他們時常在甲板上幽會，一起嚮往著到加拿大展開全新的生活。沒想到在海上航行五天後，一場舉世震驚的悲劇即將發生..鐵達尼號撞上冰山　梅恩與愛人就此分離，當天晚上，先是巴斯特母親突然感受到船隻停住了，趕緊讓巴斯特去向船長了解狀況，他看到船長和船東白星航運董事長伊斯梅（Bruce Ismay）正在嚴肅討論著。就在下一秒，伊斯梅告訴巴斯特：「什麼都別帶了，趕緊帶著家人登上救生艇！」巴斯特驚覺事態嚴重，連忙回去告訴母親、妹妹趕緊登上救生艇，因為船即將沉了！此時，鐵達尼號人心惶惶，大家都搶著逃命，頓時造成一片混亂，巴斯特趕緊來到底層船艙尋找梅恩，馬上帶著她穿越混亂的人群搭上救生艇。巴斯特的家人都不知道眼前這位女子到底是誰，在這一刻他正式向家人介紹女友，並囑託家人幫忙照顧她。梅恩看出巴斯特似乎沒有打算上船，想把座位留給其他人，她拉著巴斯特，哭著說想留在巴斯特身邊，甚至以珠寶忘在船上當藉口，想回船上與愛人在一起。但最終梅恩還是被其他乘客勸服，救生艇緩緩駛離即將沉沒的鐵達尼號，她焦急的眼光不斷注視著巴斯特的身影，直到再也看不到他。據傳，梅恩搭上的這艘救生艇，是最後一艘順利獲救的第6號救生艇。失去一生摯愛梅恩終生未嫁梅恩和巴斯特的家人在加拿大待了幾個月，不斷登報尋找愛人的下落，但是始終沒有任何消息，巴斯特的屍骨也從未尋獲。最後梅恩回到歐洲，她在法國巴黎找到了駐唱歌手的工作，因為忘不了摯愛巴斯特，她終身未嫁，也沒有任何小孩。她曾經向親友透露在「鐵達尼號」的往事，以及與巴斯特在船上的甜蜜時光；然而，因為當時巴斯特幫梅恩用了化名登船，乘客名單中根本沒有梅恩，所以沒有人相信她說的話。1962年，梅恩與世長辭，她的姪子找到一個裝滿遺物的鞋盒，並發現了梅恩與巴斯特的照片、情書，以及當時協尋巴斯特的報紙，這才證明了梅恩所言都是真的，讓這段塵封50年的愛情回憶最終得以公開。
2021年12月7日,《鐵達尼號》中相擁而逝的老夫婦 真實故事更催淚,張小清,"人類歷史上發生過的天災人禍或許不計其數，但在當代人心中，上世紀初的「鐵達尼號」沉船事件尤其令人印象深刻。1912年，作爲世界上最大客輪的鐵達尼號下水首航，起點是英國南安普敦，終點是大洋彼岸的紐約。4月15日這天，這艘行駛於北大西洋的巨輪與冰山相撞後沉沒，共有1,500多名乘客和船員喪生。死亡人數之巨，使之成為近代史上最慘烈的海難之一。還原沉船事件的經典大片《鐵達尼號》1997年在全球熱映，不但創下票房紀錄，也在流行文化史上留下了濃墨重彩的一筆。20年過去，在許多影迷心中，這部電影的地位仍然無法取代。不僅如此，雖然影片長達3個多小時，很多人對其情節卻能如數家珍。片中最催淚的場面之一，就是一對老夫婦在床上相擁而臥，任冰冷的海水漫進船艙。不過你可知道，這對銀幕伉儷是以真實的人物爲原型？如果你是電影《鐵達尼號》的粉絲，你或許知道，片中大部分角色都不是真實的人物，包括男女主角傑克（Jack Dawson）和蘿絲（Rose DeWitt Bukater）。不過很多人都認以爲真，因爲這起船難的逝者中的確有一位就叫J. 道森（J. Dawson）。他被埋葬在加拿大新斯科舍省哈利法克斯的費爾維尤草坪公墓（Fairview Lawn Cemetery ） 。不過，他可不是狄卡皮歐扮演的那個「萬人迷」，只是名字上的巧合而已。影片的主線故事出自虛構，未免有點可惜，不過片中呈現的另一份愛情卻完全忠於歷史：那就是躺在床上等待死亡來臨的兩位老人——老夫婦選擇了攜手而逝。爲此，觀衆實在要感謝伊西多和伊達·斯特勞斯（Isidor and Ida Straus）夫婦，他們就是這個最悲情橋段的原型。據「泰坦尼克百科全書」中這對夫妻的專頁，67歲的商人和他63歲的妻子當年乘坐頭等艙，隨行的是男僕約翰·法辛（John Farthing ）和女僕愛倫·伯德（Ellen Bird）。伊西多和弟弟內森（Nathan）聯合創辦了舉世聞名的梅西百貨公司，當時是世界第二巨富。他還擔任過紐約州議員。伊西多是在1871年娶了伊達，兩人當時已結婚41年。和「鐵達尼號」上許多巨富乘客一樣，他們在歐洲度過寒冬之後，搭船返回紐約。當鐵達尼號撞上冰山，大家很快明白，客輪沉沒在即。伊達作為頭等艙乘客，又是女性，立刻就在救生艇上獲得了一席。據沉船數小時後其兒女收到的一則電報，伊達當時一隻腳已經踏上救生艇，她以爲丈夫隨後就會跟上來。意識到丈夫並沒有登上救生艇，她又回身上了已開始下沉的輪船。據記載，當時伊西多和一名官員力促伊達回到救生艇上去，她卻拒絕了。一位倖存的副船長回憶，艾達當時對丈夫說：「我們一起生活很多年了，（你應該知道）你去哪裡我就去哪裡。」「然後，他們就走到了船的另外一端」，一位家族後輩布雷特（Brett Gladstone）如是回憶曾祖父， 「他們留下的最後形象，是十指緊扣立在甲板上，冷靜地等待著……」代替主人坐上救生艇的是艾達的女僕伯德。她向家人回溯的情景也和前面敘述的相仿，證實女主人情願和丈夫留在鐵達尼號上。「艾達把她披的毛皮大衣交給了女僕，說：『上救生艇吧。你會比我更需要這個。』布雷特回憶道，「我聽說這位女僕後來將毛皮大衣交給了艾達的家人，現在可能還好好地保存著。」電影中的伊西多和伊達彼此擁抱著，眼看著海水漫上來，儘管這一場景是創編的，但夫婦倆的確在鐵達尼號沉船事故中攜手罹難。伊西多後來被安葬在紐約布朗區的伍德勞恩公墓（Woodlawn Cemetery）；人們未能找到伊達的屍體，不過也在其丈夫的墓碑上一併紀念她。今天去曼哈頓梅西百貨公司購物的人們，還可以在一個入口的牆上看到夫婦倆的紀念浮雕。在位於曼哈頓上西城的斯特勞斯公園（Straus Park）內，也有一座爲伊西多和伊達而創作的紀念性雕塑。儘管斯特勞斯夫婦逝去已逾一個世紀，他們至死相守的愛情故事卻未被後人忘卻，更因著電影《鐵達尼號》和這些紀念碑，爲全世界的人們所欽歎。"
2014/4/14,除了淒美愛情...你該知道的鐵達尼號10件事,阿咖,"講到「發生在大船上的淒美愛情故事」時，相信九成九的人會不假思索說出《鐵達尼號》這個答案，儘管電影距今已經17年，但片中男女主角衝破禁忌的愛情還是許多人記憶深刻的經典。只是除了沉船、愛情故事還有悲劇之外，真實世界中的鐵達尼號當年到底發生了什麼情況，對不少人來說還是模模糊糊的印象。事實上，鐵達尼號船難發生後，不只改變了世人對船難的想像，更影響後來在海上安全與通訊上的國際規範。幾不可沉1912年4月10日，被當時雜誌《造船専家》(The Shipbuilder)譽為「幾不可沉」(practically unsinkable)的鐵達尼號(RMS Titanic)，在世人羨慕讚嘆的目光下，開啟了航向大西洋的處女航，但沒有人想到，這艘巨型郵輪就這麼一去不返，於同年4月15日沉沒在大西洋中，距離啟航僅僅數天之隔。這場災難震驚國際社會，並再度證明人類的技術成就再怎麼進展，仍無法與大自然的力量相比。船上可見電梯走上鐵達尼號，你會發現船上有三種艙等，搭配如三溫暖、游泳池、健身房和圖書館等頂級的遊樂設施，就連當時相當罕見的電梯(升降機)都設置在船上，就算是二等艙和三等艙，相較其他船隻也都是當年的頭等之選。這艘巨船的目標就是為了提供高檔服務，所以船上還有一間「巴黎咖啡館」，讓世界各地的富豪名媛可以遠眺海景、享受下午茶。此外，用高級橡木和鍍金打造的大樓梯更讓人印象深刻，這在電影中也是矚目的重點之一。不幸的升等有趣的是，我們以為頭等艙之外的乘客可能都是相對較平凡普通的乘客，但並非如此。當年許多客輪因為出讓煤礦給鐵達尼號處女航的緣故，無法照原定時間航行，原本要搭其他客船的貴客被取消行程後，因而轉到了鐵達尼號的二等艙中，這在當年看來是相當幸運的機會，然而這些貴客卻沒料到，這將會是他們人生中最後一次的航行。另外，鐵達尼號的頭等艙確實是整艘船隻最為昂貴奢華的部分，當時世界最富有的幾位名人也在這趟旅程上。三等艙只能等死？看過電影《鐵達尼號》的人可能會對幾幕特別有印象，例如三等艙的乘客被困在船底，或是女主角未婚夫為了可以搭救生船逃難故意找了嬰兒抱在手上，這讓不少人留下「逃命也有歧視區隔」的印象。目前專家推測，當年會出現許多人沒船搭，或是三等艙乘客被迫擠在船底而死，是因為當時的指揮人員過度震驚，急著想讓大家鎮定、有秩序地逃難，結果忘記對負責三等艙的人員下令，讓三等艙的人員一直等待命令所致。救生船本來就不夠當年，救生船的位置多是先保留給婦孺，當鐵達尼號出現問題時，不少婦女不相信會有大災難，所以沒有登上救生艇，這讓一開始的救生艇在沒有搭滿的狀態下就離去。雪上加霜的是，當年救生艇的概念是「把乘客轉運到另一艘船上」，救生艇數量是根據船的噸位來安排的，所以鐵達尼號雖然有2千多人搭乘，實際上救生艇可以載的人口總數只有1117人。如果我在船上…或許有人會好奇，如果當年他也在船上的話，要在哪個艙等的獲救率最高？根據當時留存下的記錄，其實不是頭等艙的獲救率最高，雖說一般成年男女的獲救率仍以頭等艙最高，但若換成孩童，是二等艙的獲救率最高。2009年5月31日，最後一名生還者狄恩(Milvina Dean)逝世，享壽97歲，船難發生時她只有9週大，是鐵達尼號船難中最年輕的生還者，她對這起事件沒有留存任何記憶。最後一名生還者逝世後，亦代表鐵達尼號的所有乘客都已離開世間。誰害鐵達尼沉沒？釘材出問題是什麼原因讓鐵達尼號沉沒？眾多的發現中有幾項人為因素備受討論。首先是造船的材料，當年鐵達尼號在船頭部分空間狹小，不像其他船身部分可以用重機械來安裝鋼鐵鉚釘，必須改用人工，但這種用人工安裝的鉚釘堅固程度不及船身所用的種類，所以當時的工人就加入爐渣來強化，但過量的爐渣反而使得鉚釘變得脆弱。後來專家證實，這些爐渣鉚釘承受壓力不足4.54噸，但鐵達尼號撞向冰山時，每根鉚釘至少得承受6.35噸的壓力；也就是說，當年部分鉚釘不能承受強大的撞擊力，使船身出現裂縫、讓海水湧入船艙。見死不救加州人號再來是通訊疏失，當年曾向鐵達尼號提出警告的「加州人號」(SS Californian)，一開始只得到鐵達尼號船員的粗魯回話，加州人號的船員在下班後也關閉了無線電通訊。雖然加州人號的船員在船難發生時有看見不斷射出的通訊信號彈，但因為收不到進一步的指示而不敢貿然救援。若加州人號當時迅速反應，那麼鐵達尼號船上的救生艇就能發揮「轉送乘客到另艘接應船」的功用。後來，人們不滿加州人號的遲緩動作，認為他們見死不救，但船長羅德在之後的聽證會上反駁，他當時看見的根本不是鐵達尼號，羅德表示，在知道沉沒消息後他們已盡力搶救，但人們多認為他在狡辯。影響現代通訊和求救訊號鐵達尼號的沉沒更影響後世對航海安全和通訊的處理，自從1912年的事件發生後，英國召開海上生命安全國際大會，這也讓「國際冰情巡邏隊」(International Ice Patrol)誕生，這支屬於美國海岸警備隊的團隊，至今仍持續巡邏大西洋上的冰山情況。再來，鐵達尼號的沉沒是好幾個人為疏忽引起，國際大會於是規定，救生艇要確保可以容納船上所有人、船上無線電通訊要24小時開通，以及只要有船發射出信號彈，一律都要視為求救的訊號。緬懷和新生2012年，為了悼念這場驚人船難屆滿百年，來自28個國家、共1309位乘客搭上了英國郵輪「巴爾莫勒爾號」(M/S Balmoral)舉辦的紀念航程，其中多數是當年鐵達尼號乘客的後代，也有歷史學家和鐵達尼號研究者在其中。當時的紀念航程復刻了鐵達尼號的設施、餐飲、航行路線等，但他們前往大西洋前的行程並不順利，諸如碰上巨浪、有乘客心臟不適必須暫時返航等，當時更謠傳這是種不吉利的預兆。幸好，4月15日凌晨，就在鐵達尼號沉沒100週年的日子，巴爾莫勒爾號安全抵達鐵達尼號的殘骸所在地，最後順利舉行悼念儀式。2016年鐵達尼二號首航鐵達尼號的事蹟讓人津津樂道，澳洲礦業富翁帕爾默(Clive Palmer)與中國南京的長航重工金陵船廠，就決定合作以1:1的方式復刻鐵達尼號，他們計畫於2016年首航。屢創票房紀錄鐵達尼號事件經過大導演卡麥隆(James Cameron)編導後於1997年上映，電影在全球創下18億美金票房，這讓他在影史上創下電影票房收入第一名的紀錄；直到2010年，卡麥隆又再度用《阿凡達》的20億美金票房打破自己的紀錄最後的航海日誌根據鐵達尼號官網所整理的沉船時間表，事件簡述如下：1912年2月2日：鐵達尼號上最年幼的乘客，同時也是倖存者之一的狄恩(Milvina Dean)誕生。1912年4月11日：鐵達尼號收起船錨，離開英國皇后鎮(Queenstown)。1912年4月14日，星期日上午，船員們因為禮拜的關係，救生艇的演練只做了一半。22點55分：距離鐵達尼號不遠的加州人號(SS Californian)被冰塊環繞，船長羅德(Stanley Lord)決定停船，拋下船錨的同時也向周遭船隻提出警告。但他從鐵達尼號方得到的卻是粗魯的回應：「滾！閉嘴！你已經干擾到我的訊號了！我正向開普雷斯(Cape Race)發電報！(Keep out! Shut up! You're jamming my signal, I'm working Cape Race!)」之後船長羅德就在23點30分關閉無線電下班休息。23點30分：鐵達尼號船員發現前方有霧狀物體。23點40分：鐵達尼以20海節(約每小時37公里)的航速前進，卻突然發現巨大冰山現身，瞭望員當下鳴起三聲警告鈴，緊急告知艦橋：「冰山，就在前面！(Iceberg right ahead.)」儘管副手做出反應，希望用右滿舵和關閉引擎措施避險，但冰山在黑夜中已正面撞向右舷並沿著船邊擦過，這驚險的瞬間大部分乘客根本察覺不到，撞擊發生後的37秒淡然過去。1912年4月15日，星期一0點05分：海水淹沒船頭，乘客倉皇逃到甲板上逃難，但船上的救生艇僅能供1178人使用，而船上總人數達2227人。0點10-50分：距鐵達尼號約10至19浬的加州人號發現了鐵達尼號的燈火，他們試著聯繫，但因為摩斯電碼燈故障而無法進行。不止一名船員目睹鐵達尼號發射了共9枚的白色求救信號彈，但加州人號船長羅德下令按兵不動，先不要救援。0點15分至2點17分：更多船隻收到鐵達尼號的求救訊號，其中也包括鐵達尼號姊妹船奧林匹克號(Olympic)，500浬外的奧林匹克號即時向現場行駛，準備救援。0點15分：鐵達尼號上的乘客陷入慌亂，這時船上甲板有頭等艙乘客服務的樂隊，決定在救生艇的樓梯附近替撤離中的乘客們演奏。2點10分：鐵達尼號船長史密斯(Edward John Smith)告訴電報員畢特(Bride)及菲利普(Philips)可離開崗位。2點17分：史密斯船長對船員說：「現在各位要靠自己(逃生)了。(It's every man for himself.)」之後史密斯船長便步往艦橋，等候和鐵達尼號同歸於盡；有人看到船隻設計者安德魯斯(Thomas Andrews)獨自呆坐在頭等吸菸室中。2點18分：鐵達尼傳出轟天巨響，所有物體似乎同時沉入水中，船上燈光閃爍了一下，隨後完全熄滅、陷入黑暗。目擊者稱鐵達尼號此時已經斷為兩截，船首先沉入水底。2點20分：鐵達尼號的船尾部分在水面懸浮了一會兒後，便緩緩自水面消失，1500人跟著葬身大西洋中。"
2022/5/13,鐵達尼號真人真事｜窮歌女戀上富二代 甜蜜登船最終天人永隔 遺物揭深情回憶,RD,1912年4月14日，一艘曾號稱永不沉沒的夢幻之船「鐵達尼號」因撞上冰山而沉沒，不少人從此失去今生至愛。慘劇已發生 110 年，連將真實故事帶到眾人眼前的同名電影《鐵達尼號》亦已上映近 25 年。除了戲中男女主角的愛情悲劇，原來當年真的曾發生一段淒美的愛情故事，一名窮歌女戀上富二代運動員的真人真事同樣賺人熱淚。據悉，熱戀中的男女主角甜蜜登船，最終因一場災難從此天人永隔，女方更終生未嫁守候離去摯愛。即使冰山將一對眷侶撞得支離破碎，惟二人之間的濃厚愛意將永恆不褪。《鐵達尼號》真人真事 窮歌女戀上富二代運動員 電影《鐵達尼號》雖然上映近25年，但確信大家對戲中「Jack」及「Rose」的經典台詞及悽美愛情仍然十分熟悉。當中一段窮小子與富家女的艷遇，從此成為悽美愛情的代名詞，原來當年真是發生過一段與電影非常相似的愛情故事。窮歌女「Berthe Antonine Mayné」是其中一名鐵達尼號生還者，因工作關係結識了富二代兼曲棍球運動員「Quigg Edmond Baxter」，更旋即墮入愛河。冰山撞碎真摰愛戀 眷侶從此天人永隔 據悉，Baxter 因為想帶 Mayné 回家鄉見家長，特意以假名「Mrs de Villiers」為她訂了鐵達尼號的船票，一同上船。二人在船上經歷了一段甜蜜時光，惟在鐵達尼號啟航5日後，郵輪因為撞上冰山引發災難，Baxter 只好立即帶同媽媽、妹妹及 Mayné 登上6號救生艇，自己則拒絕上船。Mayné 知道後亦一度拒絕上船，最終被另一位乘客說服，順利登上救生船並獲救生還，可惜愛人 Baxter 最後逃生失敗，如同戲中 Jack 一樣與鐵達尼號一同葬身大海，一對眷侶從此天人永隔。歌女為愛終生未嫁 遺物中揭深情回憶 二人為見家長而啟航，卻沒想到原本溫馨見家長的場景，最終會在千均一髮危難逃生之際發生。歌女 Mayné與 Baxter 的家人在獲救後均試過登報尋人，可惜一直無果，而 Mayné 亦只好走回人生正軌，繼續於歐洲做駐唱歌手，並且終生未嫁。據悉，Mayné 曾多次向親友講述自己與愛人於鐵達尼號的經歷，惟身邊的家人朋友一直不相信，加上 Mayné 當時用假名上船，真名根本未有列在乘客名單上，令人更難以信服。一直到她去世後，家人才在她的遺物中發現 Mayné 與 Baxter 的照片、情書，以及當時尋找 Baxter 的報紙等，終將這段被冰山撞碎的塵封深情回憶曝光。
2020/5/1,17位《鐵達尼號》真實人物　「只出現一幕的夫人」才是大英雄！,扒拉文史,相信大家一定都對經典電影《鐵達尼號》的畫面相當熟悉，無論是劇情、對白，甚至主題曲和角色都記得一清二楚，也一定知道歷史上真的有「鐵達尼號」這艘船的存在，只是電影將劇情加以改編而已。不過這次要來跟大家分享，就算劇情經過修飾與誇大，影中的角色可都真有其人喔！今天就幫大家整理了17位《鐵達尼號》裡的真實人物，準備好要來看看真正的船長了嗎？1. 瑪格麗特布朗 (Margaret Brown)由資深演員凱西貝茲 (Kathy Bates) 飾演的瑪格麗特布朗，又被大家稱為「不沉的莫莉布朗」 (Unsinkable Molly Brown)。 她之所以得到這個暱稱，是因為她當時努力呼籲負責救生艇的船員回到事發地，並營救更多無助的乘客。關於救生艇是否返回的說法各不相同，但布朗的故事也有自己的作品，訴說她故事的音樂劇《永恆的莫莉布朗》在1960年首次亮相。2. 愛德華史密斯船長。伯納德希爾 (Bernard Hill) 飾演愛德華詹姆斯史密斯 (Edward James Smith)，也就是「鐵達尼號」的船長，在船沉沒時選擇跟這艘大船一同沉入海底。他的妻子和女兒們則倖免於難。3. 布魯斯伊斯梅。喬納森海德 (Jonathan Hyde) 飾演的約瑟夫布魯斯伊斯梅 (Joseph Bruce Ismay) 擔任「白星船業」的董事長兼董事總經理。他在「鐵達尼號」沉沒中倖存下來，後來到美國參議院接受了關於這場船難的質詢。在「鐵達尼號」沉沒之後的幾天，新聞界嚴厲批評了他在婦女和兒童仍在船上時，竟然先選擇逃難。4. 約翰雅各阿斯特四世。艾瑞克布雷登 (Eric Braeden) 飾演的約翰雅各阿斯特四世 (John Jacob Astor IV) 是「鐵達尼號」上最富有的乘客，在沉沒時也是世界上最富有的人之一。後來救難隊是透過縫在外套上的姓名縮寫，才識別出他已經冰冷的身體。5. 瑪德琳福特。瑪德琳福特 (Madeleine Force) 是約翰雅各阿斯特四世的第2任妻子，在電影中由夏洛特查頓 (Charlotte Chatton) 飾演。就如電影中所呈現的，她在「鐵達尼號」航行時是懷孕的狀態，當時她和丈夫正在回美國的路上，所以嬰兒將在美國出生。她很幸運的在沉沒中倖存，4個月後寶寶平安出生。6. 科斯莫達夫戈登爵士。科斯莫達夫戈登爵士 (Cosmo Duff-Gordon) 由馬丁賈維斯 (Martin Jarvis) 飾演，他是當時奧運擊劍比賽中的銀牌得主，在沉沒中倖存下來。不過就像布魯斯伊斯梅一樣，他因違反了白星建立的「婦女和兒童優先」原則而受到批評，於1931年去世，享年68歲。7. 達夫戈登夫人。由羅莎琳德艾爾斯 (Rosalind Ayres)，同時也是上位演員馬丁賈維斯現實生活中的妻子所飾演的「達夫戈登夫人」，正如蘿絲在「鐵達尼號」中提到的那樣，她是一名時裝設計師。但是，她不僅設計內衣，還為許多雜誌撰寫時尚專欄。8. 班傑明古根漢。班傑明古根漢 (Benjamin Guggenheim) 由麥可恩西恩 (Michael Ensign) 飾演，是一位富有的美國商人，與情婦萊昂汀奧巴特 (Léontine Aubart) 一起登上了這艘船。在下沉期間，他與隨扈維克托吉格里奧 (Victor Giglio) 一同遇難。他的兄弟所羅門古根漢 (Solomon Guggenheim) 就是紐約最著名的「古根漢美術館」的創辦人。9. 羅希斯伯爵夫人。雖然在電影中的戲分不多，不過由羅切爾羅斯 (Rochelle Rose) 飾演的羅希斯伯爵夫人 (Countess of Rothes) 實際上可是這場船難中的大英雄 。她幫助將救生艇從沉沒的船上引開，然後駛向救援船。10. 湯瑪斯安德魯斯。由維克多加伯 (Victor Garber) 飾演的湯瑪斯安德魯斯 (Thomas Andrews) 是負責建造「鐵達尼號」的造船設計師。正如電影中所表現的那樣，真正的安德魯斯分發了救生衣，並努力幫助乘客的安全。船沉沒時他跟著去世了，他的妻子和女兒則幸運地存活了下來。11. 威廉默多克。由伊旺史都華 (Ewan Stewart) 飾演的威廉默多克 (William Murdoch) 擔任「鐵達尼號」的副駕駛。電影顯示默多克在船撞上冰山後自殺，但是真正的默多克是否這樣做，其實仍是一個有爭議的問題。因此電影上映後，默多克一家要求導演詹姆斯卡麥隆 (James Cameron) 和電影公司「20世紀福斯」道歉。12. 弗雷德里克弗利特。史考特安德森 (Scott Anderson) 扮演的弗雷德里克弗利特 (Frederick Fleet) 是「鐵達尼號」撞上冰山時的看守人。正如電影中飾演的那樣，他的確大喊了「前面有冰山！」船難後，他幸運的活了下來，還在第一次世界大戰和第二次世界大戰中服役，卻在1965年選擇結束自己的生命。13. 約翰傑克菲利普斯。由奎格瑞庫克 (Gregory Cooke) 飾演的約翰傑克菲利普斯 (John “Jack” Phillips) 是「鐵達尼號」上的資深無線電接線生，他也在撞上冰山後發出了求救信號。不過船沉沒時，他還是不幸罹難。14. 哈羅德布萊德。克雷格凱利 (Craig Kelly) 飾演的哈羅德布萊德 (Harold Bride) 是「鐵達尼號」上的新手無線電接線生。他在這場船難中倖存下來，並在參議院對此進行質詢期間作證。15. 查爾斯萊托勒。查爾斯萊托勒 (Charles Lightoller) 由喬納森菲利普斯 (Jonathan Phillips) 扮演，曾擔任「鐵達尼號」上的二等軍官。他在船難中倖存下來，並繼續為這艘船所屬的「白星船業」服務，後來在第一次世界大戰中服役。第二次世界大戰期間，他使用私人遊艇協助疏散了敦克爾克戰役 (Dunkirk)，甚至在2017年電影《敦克爾克大行動》中也出現過類似於他的角色。16. 亨利王爾德。由馬克林賽查普曼 (Mark Lindsay Chapman) 飾演的亨利王爾德 (Henry Wilde) 是「鐵達尼號」的大副，曾在多艘白星號船上服務，然後逐步爬到大副的位置。 不過他在船難中不幸罹難。17.盧帕特 (Lew Palter) 飾演的伊西多史特勞斯 (Isidor Straus) 是梅西百貨公司的共同所有人。他於1871年與妻子艾達 (Elda Raven)。據報導，艾達發現丈夫無法登上救生艇而拒絕登船，兩人均在沉沒中喪生。
2020/9/5,《鐵達尼號》，5個基於真實人物的角色,君君DIARY,災難巨片《鐵達尼號》是基於一個真實的故事，但並不是每個角色都是來自真實故事。1912年4月14日鐵達尼號的沉沒仍然是人類歷史上最悲慘的災難之一，儘管其絕望的信號光可能在一個多世紀前就已經熄滅了，但公衆的興趣並沒有消失。詹姆斯·卡梅隆的災難史詩片《鐵達尼號》(1997)重新點燃了公衆對歷史事件所帶來的戲劇性、浪漫和令人毛骨悚然的刺激的熱情。《鐵達尼號》通過乘客引人入勝的故事完美地捕捉了這艘世界上最著名的遠洋客輪的悲慘處女航。其所設定的故事人物既有虛構的，也有真實的歷史人物，其中一些人倖存了下來，還有一些人加入了1517個沉入海底的可憐人的行列中。真實人物：J·布魯斯·伊斯梅由喬納森·海德（Jonathan Hyde）飾演的倒黴的J·布魯斯·伊斯梅(J. Bruce Ismay)是白星航運公司的董事總經理兼董事長，他曾宣稱這艘船「永不沉沒」。在船下沉時，他跳進僅有的幾艘救生艇中的一艘，劃到安全的地方。鐵達尼號沉沒後，Ismay應邀在美國參議院作證，提供他對這場災難的描述。儘管Ismay被要求幫助劃救生艇，但當船上還有婦女和兒童時，他還是救了自己，媒體對此進行了嚴厲的批評。鐵達尼號沉沒時，只有706名乘客和船員倖存。60%的倖存者是頭等艙乘客（他就是其中之一)，這比二等和三等艙乘客的總和還要多。真實人物：瑪格麗特·布朗獨一無二的凱西·貝茨（Kathy Bates）用她的魅力和氣魄讓已經大出風頭的瑪格麗特·布朗(Margaret Brown)更加令人難忘。在1912年的災難中倖存下來後，這位健壯的社交名媛被稱爲「不沉的莫莉·布朗」。 莫莉·布朗動情地請求她的救生艇回去，試圖營救沉船後在水中漂浮的乘客，但歷史記錄不能確定這是不是一艘返航的救生艇。她後來成爲了一名社會活動家和美國參議院候選人。真實人物：愛德華·史密斯上尉愛德華史密斯船長是一位著名的海員，鐵達尼號的航行將是他退休前的最後一次航行。歷史記載中，他是否在收到其他船隻的冰山警告後，改變了鐵達尼號的南行路線，以避免任何冰的危險，這一點是模糊不清的。 源頭資料對這場悲劇的描述令人欽佩，其中解釋說儘管有幾個因素對他不利，但他承擔了全部責任。真實人物：托馬斯·安德魯斯鐵達尼號的設計者托馬斯·安德魯斯（維克多·加伯飾）被描繪成一個富有同情心的人，他最初設計了這艘有64條救生船。但金融家們認爲甲板看起來太「雜亂」，這給他的設計蒙上了陰影。結果，鐵達尼號只搭載了20艘救生艇，他在沉船前向羅斯傳達了這一重要事實。 如果在那個致命的夜晚，這艘船只有四個密封艙被戳破，它就能浮在水面上。不幸的是，冰山把六個隔層切開了。托馬斯·安德魯斯在自己建造的船沉沒之前，向儘可能多的乘客發放了救生衣。真實人物：約翰·雅各布·阿斯特鐵達尼號沉沒後，船上最富有的人約翰·雅各布·阿斯特被發現，他的純金懷表仍然掛在鏈子上。據信，阿斯特在從船上跳入水下幾分鐘前看了看手錶。阿斯特的屍體是沉船中發現的306具屍體之一。他的真妻子瑪德琳·福爾斯（Madelaine Force）在沉船時確實懷孕了，她活了下來，並在四個月後生下了兒子。
2021/12/12,鐵達尼號上的真實故事 — 人性的6個抉擇,英倫是你的情人,"106年前的今天，即1912年4月10日，鐵達尼號在英國的南安普頓碼頭鳴笛起航，開始了她第一次、也是唯一一次的航程。數千人來與鐵達尼號告別，競相目睹這艘「世界上最大的」、「永不沉沒的」巨輪鳴笛揚帆，開始她的處女航。5天後的深夜，孤獨行駛在大西洋海面的鐵達尼號撞上了漂浮在海面的冰山。三小時後，這艘當時世界上最大的船隻、搭載了2200多名乘客的鐵達尼號沉入海底。由於船體太大、船上的救生艇嚴重不足，這次災難中僅有700多人逃生或獲救，另外1500多人與這艘當時被稱爲「永不沉沒」的巨輪一起，沉向海底，長眠在大西洋深處。這是人類歷史上屈指可數的災難。鐵達尼號僅航行了5天，關於船隻上的故事和傳說卻持續了上百年。例如在災難面前人們自始至終遵循的「婦女和兒童優先逃生」、樂隊成員在生命最後一刻仍然堅持演奏等的故事，通過倖存者的講述，留給世人無盡的思索和感慨。作爲當時世界上最大最豪華的郵輪，鐵達尼號的頭等艙票價超過2500美元，相當於今天的6萬美元。鐵達尼號的處女航自然吸引了當時世界上最富有和地位最高的人們，來親身參與這一創造歷史的航程。在那部宛如壯闊史詩的電影《鐵達尼號》中，導演借女主角Rose的視角對他們進行了介紹。當時世界上最富有的人之一、瑞吉酒店的創始人、億萬富翁約翰·阿斯特和懷孕五個月的妻子也在船上。當船隻裝上冰山即將沉沒時，阿斯特護送著懷孕的妻子登上救生艇。然後他轉過身問船員道：「我的妻子懷孕了，我能不能陪她一起上船。」他得到的答覆是「婦幼先行」。於是他點點頭，摘下手套給妻子戴上和她告別。然後站在甲板上，目送載著妻子和其他乘客的救生艇緩緩離開，直到輪船沉沒。災難之後的一個星期，人們在沉船附近的海面找到了阿斯特的屍體。他全身布滿了煤灰，早已面目全非，人們通過他衣服繡著的名字才確認了他的身份。他的口袋裡還有被海水浸透的2500美元，而當時一個船員的一年的薪水也僅有240美元。根據推測，他是被船體沉沒時倒下的巨大煙囪砸死的。登船前的阿斯特與妻子一個二等艙倖存的理髮師回憶說，他看到阿斯特目送妻子的船離開後一直站在甲板上，望著海面平靜地抽菸。這名理髮師碰巧和他相遇，他們聊起了天，內容無非是一些「稀鬆平常的家務事」。最後船要沉了。分別之前，理髮師問阿斯特道：「先生，我能和你握個手嗎？」「我的榮幸。」阿斯特回答說。這是這位億萬富翁留給世人最後的話語。船上的另一名富翁班傑明·古根海姆，面對船員遞上來的救生衣果斷拒絕了。他穿上了晚禮服，在領口處別了一支玫瑰，向服務員要了一杯白蘭地然後「像個紳士一樣體面地死去」。在留給妻子最後的信件中，他說，「這艘船上不會有一個婦女或兒童因爲我占用了救生艇而失去逃生的機會。」當時船上的財富僅次於阿斯特的是艾達·施特勞斯，梅西百貨的創始人之一。沉船時，他和夫人拒絕登船，相擁而立等待死亡。電影《鐵達尼號》描繪了他們相擁離去的畫面。真實歷史中，施特勞斯先生一直配合著船員的指揮，給先行登船的婦女和兒童讓位，並且不斷安慰著妻子說，「等所有婦女和兒童都登船後我就可以上船了。」電影劇照&施特勞斯夫婦照片當施特勞斯夫人聽從船員安排上了一艘救生艇之後，回頭招呼丈夫上船，卻被告知他的丈夫還得繼續等待。本已經登上救生艇的她又返了回來。她對丈夫說，「我們在一起的40多年間，從未有過分離。既然你不走，那我也不走。你去哪兒我就去哪兒。」 （這段話成爲了電影中那句著名的「You jump, I jump」的靈感來源，而施特勞斯夫人從救生艇返回船上的情節被寫成了女主角從緩緩下降的救生艇上跳回了船隻。）施特勞斯夫人脫下身上的皮大衣披在一名隨身侍女身上，「穿著吧，我以後再也不需要它了。」一位船員見此對施特勞斯先生說，「我相信沒有人會反對像您這樣的老先生登船的。」施特勞斯平靜的回答，「我是不會在其他男人登船之前離開的。」人們最後看到他們，是夫婦二人手挽著手站在船頭向救生艇揮手作別，直到一個巨浪吞沒了他們。數年後，施特勞斯的家人在紐約建立了紀念施特勞斯夫婦和其他遇難者的紀念碑。旁邊的長椅上刻著： LOVELY AND PLEASANT WERE THEY IN THEIR LIVES AND IN / THEIR DEATH THEY WERE NOT DIVIDED. /他們彼此相愛的一生充滿了快樂，直到死亡也未能將他們分開。如同電影中描述的一樣，小提琴手哈特雷帶領著他的樂隊一共8人，在災難發生時始終堅持演奏，最後和船一同沉沒。他們原本有機會逃生，但甚至連嘗試都不曾有過。在被恐懼的海水和驚慌的人羣包圍下，他們按照當晚的曲目表平靜地演奏著。曲終人散的時刻，哈特雷和樂隊成員道別。然而似乎他也無處可去，本該是可以休息的時間，現在要面臨的卻是即將到來的永恆的睡眠。反正馬上就要長眠，乾脆再演奏一會。夥伴們聽到他的演奏聲，轉過身，平靜的加入了他。在災難和死亡的最後關頭，人出於本能會做出最原始和最真實的反應。而這8個人，選擇了在生命的最後時刻用音樂撫慰被災難籠罩的人們。沉船一刻，哈特雷收起小提琴，和他的夥伴作別：「先生們，今晚永別了。」一個月後，小提琴手哈特雷的屍體被到並運回他位於英國蘭開郡的家鄉，上千人自發參加了他的葬禮。將他送上船的未婚妻Maria Robinson終身未嫁。她一生都保留著哈特雷送給她的一把小提琴。災難過後，哈特雷的小提琴被打撈上來2006年，這把見證了那場災難和人性光輝的小提琴被拍出了170萬美金的高價同樣選擇在崗位上堅守至最後一刻的，還有船上唯一的神父托馬斯·拜爾。除了電影所表現的，他在最後一刻一手抓著桅杆，一手伸向絕望的人羣給予他們最後的慰藉，他還在沉船之初幫助船員一起指揮人們排隊上救生艇。倖存者回憶，拜爾神父有數次機會登上救生艇，但在面前最後一艘救生艇即將離去時，他脫下外套裹在身邊一個小女孩身上，將她抱進救生艇，然後毅然決然返回甲板，去安撫那些沒有希望逃生的人們。拜耳神父原本是去往紐約爲弟弟主持婚禮。這場曠世災難發生後，弟弟將婚禮改在了4月20號，和拜耳神父的葬禮在同一天舉行。超過兩千人參與了這場前所未有的婚禮加葬禮。有人在災難面前選擇了人性的光輝，就必然會有人選擇了貪生怕死。一同登船的人，還有鐵達尼號的承運公司——英國白星航運公司的董事長伊斯梅。撞擊冰山後，在一片混亂之中，伊斯梅混上了一艘救生艇選擇了逃生。作爲輪船建造方案的最後敲定者，伊斯梅將最初設計的就救生艇的數量從48條減少爲16條，只爲了讓甲板空出更多的空間來製造「寬闊」的視覺和感官體驗。沉船之後長達數年的事故調查和聽證中，伊斯梅被目擊者指責，曾經在甲板上將來自附近船隻的冰山警告電報扔進了海里。甚至有人稱，聽到他慫恿船長繼續提速，以便提前到達紐約，「製造一個大新聞」。而關於他的倖存，甚至有人揭露，他是在混亂之中逃上了一艘即將被放下的救生艇才死裡逃生。人們對於他「始作俑者」的身份和僥倖生存的行徑憤慨至極，在此後長達數年的時間「伊斯梅」都成爲「骯髒」、「醜陋」和「懦夫」的代名詞。人們將他的形象作爲老鼠拿在街上遊行，甚至一個名叫「伊斯梅」的小鎮居民都要求給小鎮改名字，認爲被叫做「伊斯梅鎮上的人」是一種奇恥大辱。一年之後伊斯梅辭去了白星航運公司的董事長職務，從此他逐漸淡出了公衆視野。此後的20多年他先後經歷了病痛和截肢的痛苦，於1937年由於腦血栓在愛爾蘭去世。儘管有無數人性閃光的故事流傳後世，在鐵達尼號沉沒的三個小時間，同樣無情揭示了人類社會殘忍的生存法則。據倖存者回憶，頭等艙的乘客被率先安排上救生艇，而儘管是由於信息傳達混亂，三等艙的確像電影所描述那樣，被鎖在船艙內從而導致很多人失去了逃生的最佳時機。根據統計，頭等艙乘客生還的比例是65%，二等艙爲48%，三等艙僅爲25%。雖然自始至終保持「婦幼先行」的原則，頭等艙男性生還的比例，仍然比三等艙兒童的比例還要高。無論是頭等艙更高的生還比例，還是「婦幼先行」的原則，在那悲劇發生的三個小時，鐵達尼號集中上演了人類社會最強悍的文明精神和最殘忍的生存準則。1912年4月16日夜晚，3萬人在雨中默默迎接搭載了700名倖存者的卡佩西亞號。人們相擁哭泣，更多的人無聲佇立。鐵達尼號的沉沒，不僅僅是1500個家庭的悲劇，它是在人類經歷了兩次工業革命的巨大變革、生產技術達到空前繁盛之時，面對自然法則的沾沾自喜和妄自尊大。它放佛一個巨大有力的巴掌，毫無徵兆地拍在了在歌舞昇平的西方社會的臉上。沉浸於各類工業成就的人類突然之間被打醒，開始審慎反思人類的能力和謙遜冷靜的必要。由於當時船上的衆多船員都來自英國南安普頓市，鐵達尼號的沉沒令這個小城市超過500個家庭面臨了破碎。直至今日，在泰塔尼克號起航的地方南安普頓仍然設立有泰坦尼克的紀念館和博物館。而南安普頓碼頭，今天仍然是英國最重要的港口之一。我們曾經在2017年的最後一天遊蕩在這個城市去探尋。快要走到碼頭的時候突然下起了雨，我們快速跑起來尋找避雨的地方。跑過一家酒吧的時候，我試著幽默一把，問小哥說，這是當年Jack打撲克贏得船票的那家酒吧嗎？"
2021/12/12,我們所不知道真實的鐵達尼號的故事,李剛看盤,"100年前的4月，號稱「永不沉沒」的巨輪鐵達尼號開始了它的處女航。4月14日深夜，鐵達尼號撞上冰山，船裂成兩半後沉入大西洋，1500多名乘客葬身海底。在電影《鐵達尼號》裡，我們看到了一幅幅充滿人性，感人至深的溫暖畫面：白髮蒼蒼的老船長莊嚴宣布讓婦女兒童首先離船，並平靜地與鐵達尼號一同沉沒；一位仁慈而勇敢的牧師冒著生命危險返回正在沉沒的鐵達尼號動情呼籲：「讓婦女兒童先上救生艇！」；一位父親深情地親吻小女兒之後將她送上救生艇……然而，歷史的真相遠遠沒有那麼溫暖。美國《新聞周刊》近期刊登報導，講述了沉船時刻的衆多故事，展示了人性的多樣性。讓人遺憾的是，「婦女兒童優先」的動人救生口號並非完全屬實，獲得優先權的主要是頭等艙、二等艙的婦孺。統計數據表明，頭等艙男乘客的生還率比三等艙中兒童的生還率還稍高一點。線電系統出現故障，直到船撞冰山前才將故障排除。鐵達尼號錯過了其他船隻發送的警告冰山出沒的信息，而距離鐵達尼號不遠的船隻也因被冰山環繞而無法及時趕來救援。也有人選擇紳士般的死亡當然，面對生死抉擇，有些人選擇紳士般的死亡。攜帶傭人、司機等共同登船的富豪班傑明·古根海姆看到女性登上救生艇之後明白自己沒有獲救機會，他返回自己的船艙，穿上了自己的晚禮服。鐵達尼號上惟一的億萬富翁約翰·雅各布·阿斯德問負責救生艇的船員，他可否陪同正懷著身孕的妻子馬德琳上艇，那個船員說了一句「婦孺先上」之後，他就像一個真正的紳士一樣，回到甲板，安靜地坐在那裡，直到輪船沉沒，船上倒下的大煙囪把他砸進大西洋中。值得注意的是，船員中也有很多真正的英雄。二副赫伯特·萊托勒在鐵達尼號撞上冰山之時，脫離了觀察崗位，但他隨後成爲了最積極幫助婦女兒童登上救生艇的船員。他知道，即使所有的救生艇全部塞滿人，大概也只能承載船上一半的乘客。最後，有人勸他上救生艇，他堅定地回答說：「絕對不行。」爲了整理最後一艘救生艇，萊托勒被大浪捲走。但隨後一個引擎發生爆炸，將萊托勒帶回到了海面，他抓住了一艘傾覆的救生艇，有30個人和他一樣正絕望地抓著這最後一根稻草,他成爲最後獲救的一批倖存者之一。逃生機率取決於船艙等級鐵達尼號上「婦女兒童優先」的逃生口號並非是虛構，但是，逃生的機率主要取決於乘客當時所在的船艙等級。美國新澤西州州立大學教授、著名社會學家戴維·波普諾在他的《社會學》一書中這樣寫道：「……不幸的是救生船不夠。儘管很多人遇難，但乘客注意遵守『優先救助婦女兒童』的社會規範」，使得英國公衆和政府面對這一巨大災難，「可以找到一些安慰」統計數據表明，「乘客中69%的婦女和兒童活了下來，而男乘客只有17%得以生還」。這是鐵達尼號奉獻給世界的一條活生生的文明守則。但波普諾接下來揭示的數據卻十分殘酷，他繼續寫道：「我們發現，三等艙中的乘客只有26%生還，與此相應的是，二等艙乘客的生還率是44%，頭等艙是60%。頭等艙男乘客的生還率比三等艙中兒童的生還率還稍高一點。」「輪船的頭等艙主要由有錢人住著，二等艙乘客大部分是中產階級職員和商人，三等艙（以及更低等）主要是由去美國的貧窮移民乘坐。」這是人類社會更爲強悍的另一條規則。於是，波普諾毫不客氣地修改了曾使英國人頗感「安慰」的「社會規範」：「在鐵達尼號上實踐的社會規範這樣表述可能更準確一些：『頭等艙和二等艙的婦女和兒童優先』。」"
2020/8/27,鐵達尼號：揭祕火遍全球的電影背後悲慘而真實的故事,學地理觀海洋,鐵達尼號是全球聞名，高成本大製作的一部災難愛情片，講述兩個主角傑克和露絲跨越階層的偉大的愛情。整部影片拍攝前後歷時大約五年，在全球不同國家不同階層觀衆中間都取得了很高的聲譽，其魅力至今都從未衰減，生命力很強。大家都看過影片，但知道歷史上發生的真實事件的人可能不多。小編自己沒看過電影，但知道背後真實故事的諸多細節，今天在這裡分享一下，有利於大家更立體地了解鐵達尼號。大部分人知道歷史上確實發生了鐵達尼號沉沒於北大西洋的事件，這艘船從速度，性能到裡面的配置，都是當時非常先進的，然而在處女航中就不慎撞到了冰山沉沒了。這船上的旅客大部分都是英美國家上流社會的人物，船上很多配置也是滿足他們較高的需求。鐵達尼號沉沒後，很多國家相繼派出船隻進行調查，發現船身在沉沒之前已經斷成兩截，救生艇起降機空空如也。有消息稱船底有「規則的大洞」，但比較認可的說法是船在撞到冰山之時船底被挑出90餘米長的口子，海水一下子湧進5個船艙（鐵達尼號設計的極限是灌4個船艙不會沉沒），船頭向水裡傾斜，其他非防水船艙相繼灌水。最終這艘「不沉之船」悲慘地沉沒了。從現在的角度看，鐵達尼號的悲劇某種程度上是可以減輕損失的。一方面，當時船上大約有兩千二百人，包括船員和乘客，而造船公司卻堅信它「不沉」，只配備了總共能夠容納1700多人的救生艇。事故發生之後，人們遵循讓女性和小孩先上救生艇的原則，救生艇裝滿了，剩下的人只能掉進海里，他們努力想擠上救生艇，導致小船又翻了一部分。最終1500多人遇難，成功救援的只有少部分。另外，就是船爲什麼撞上了冰山？從自然角度來講，鐵達尼號沉沒的具體位置大概在紐芬蘭島附近，那裡拉布拉多寒流從北冰洋南下，帶來了冰冷的海水和一些冰山。又有追溯，說當時負責勘察航道情況的人忘記帶望遠鏡了，等到用肉眼看到冰山時已經晚了。鐵達尼號撞上冰山大約發生在晚上11：40，大部分人睡覺了，對於危險的應對能力下降；凌晨2：17，船徹底沉沒，滯留在甲板上的人都被一個大漩渦捲入海里。四個小時後救援船趕過來，很多穿著救生衣在海面漂浮的人已經被凍死。那裡的海水溫度很低，幾乎是冰點，人掉進去一小時左右就會進入休克狀態。現在這艘巨輪已經在海底沉睡一百多年了，在逐漸回歸大自然，成爲海底生物新的家園。而我們，就在欣賞電影之餘，聽聽真實的故事，更立體地了解這一部史詩級巨作。
2021/12/12,鐵達尼號背後的真實故事:你所不知道的柔情,魔力視頻,"在第一艘救生艇下水後，我對甲板上一名姓斯特勞的女人說道：「你能隨我一起到那隻救生艇上去嗎？」沒想到這名女人搖了搖頭，回答道：「不，我想還是呆在船上好。」她的丈夫問：「你爲什麼不願意上救生艇呢？」這名女人竟笑著回答：「不，我還是陪著你。」我離開了他們，此後，我再也沒有見到過這對夫婦……當一支支升空的求救信號彈使人意識到鐵達尼號真遇上大麻煩時，一些膽怯的男人甚至變著法子想溜上救生艇。最後一隻救生艇被放下海時，突然有人在黑暗中大聲喊道∶「看，這艘艇上藏著幾名男人！」萊特勒立即跳到救生艇上，朝這幾名怯懦的男人揮舞著手槍大喊，命令他們立刻離開，這幾名膽小鬼連滾帶爬上了甲板。「事實上，當時我的左輪手槍中根本就沒裝子彈。」接著萊特勒朝甲板上高聲喊道∶「女人和孩子們過來！」萊特勒在回憶錄里寫道：「儘管喊破喉嚨，卻沒有幾名婦女願與甲板上的親人分離」，「我根本找不到幾個願意撇下親人而獨自踏上救生艇的女人或孩子！」當所有的救生艇都走了以後，鐵達尼號上出現了奇怪的寧靜，大家仿佛不再驚慌了。數百人靜靜地站在甲板上。接著，鐵達尼號越來越傾斜。以下是萊特勒在該船沉沒的最後時刻的所見所聞，一段不爲人知的，震撼人心的，催人淚下的傷感回憶∶「只要我活著，那一夜我永遠無法忘記，當船尾開始沉下水底，我聽到在那最後一刻，許多人彼此呼喊∶「我愛你，我愛你！」，在生離死別的最後一刻，人們彼此呼喊的是：「我愛你！我愛你！！」那一聲聲透骨徹心的呼喊，穿透歲月的風雨，仿佛仍在世人的耳畔迴響著。它，在向我們每一個人詮釋著愛的偉大！在那冰冷的海洋體驗死亡的環抱，你是否感到一絲的明媚，此時此刻，最最重要的是：我要讓你知道，我有多麼的愛你！插曲：1點40分，船頭已經沒入水中，一副默多克（電影裡開槍自殺的那位，其實是被凍死的）才做出「關鍵人物」上七號救生艇的決定，白星公司主席伊斯梅攜帶大量資料，在最後一刻跳上了船.亞斯特四世（John Jacob Astor IV），當時世界第一首富（影片裡有他在餐廳里一晃而過的鏡頭，人們稱他「亞斯特上校」），他把懷著五個月身孕的18歲妻子瑪德琳送上4號救生艇後，站在甲板上，帶著他的狗，點燃一根雪茄菸，對著飄飄悠悠劃向遠處的小艇呼喊了最後一聲「「我愛你們！」。因爲亞斯特上校的存在與否，直接影響紐約的債券市場而舉足輕重，一副默多克曾以軍人的方式命令作爲「關鍵人物」的亞斯特上船，被亞斯特憤怒的拒絕：「我喜歡最初的說法（保護弱者的古老守則）」，然後，把他的位置讓給了三等艙的一個愛爾蘭婦女。幾天之後，在北大西洋黎明的晨光中，麥克凱-班尼特打撈船員發現了亞斯特上校，上校的頭顱被煙囪打碎，口袋裡還有2440元美金.他的資產，在當時可以建造十幾艘「鐵達尼號」巨輪，然而亞斯特上校拒絕了可以逃命的所有正當理由。「爲保衛自己的人格而戰」，這是偉大男人的唯一選擇。世界著名的銀行世家大亨古根海姆，穿上了最華麗的晚禮服說：「我要死得體面，像一個紳士。」他給太太留下的紙條寫著：這條船不會有任何一個女性因我搶占了救生艇的位置，而剩在甲板上。我不會死得像一個畜生，我會像一個真正的男子漢。這些死難的男性乘客中，還有億萬富翁阿斯德、資深報人斯特德、炮兵少校巴特、著名工程師羅布爾等，他們都響應侯伯牧師，把自己在救生艇里的位置讓出來，給那些來自歐洲，腳穿木鞋，頭戴方巾，目不識丁，身無分文的農家婦女。史特勞斯（Ida Straus 1845年2月6日-1912年4月15日），世界第二巨富，美國「梅西百貨公司」創始人。直到今天，座落在紐約曼哈頓第六大道上的「梅西百貨」仍然是世界最大的百貨公司。史特勞斯無論用什麼辦法，他的太太羅莎莉始終拒絕上八號救生艇，她說：「多少年來，你去哪我去哪，我會陪你去你要去的任何地方。」這位偉大的女性把自己的位子讓給了她的女傭，她把毛皮大衣脫下來甩給女傭：「我用不到它了!」八號艇救生員對67歲的史特勞斯先生提議：「我保證不會有人反對像您這樣的老先生上小艇」，史特勞斯堅定地回答：「我絕不會在別的男人之前上救生艇」。然後挽著63歲羅莎莉的手臂，一對老夫婦蹣姍地走到甲板的藤椅上坐下，等待著最後的時刻。這就是影片最後緊緊抱在一起接吻，被海水吞沒的那對老夫婦的原型。紐約市布朗區，矗立著1912年爲史特勞斯夫婦修建的紀念碑，上面刻著這樣的文字：再多再多的海水都不能淹沒的愛（Many waters cannot quench love, neither can the floods drown it.）。6,000多人出席了當年在曼哈頓「卡耐基音樂廳」舉行的紀念史特勞斯晚會。一名叫那瓦特列的法國商人把兩個孩子送上了救生艇，委託幾名婦女代爲照顧，自己卻拒絕上船。兩個兒子得救後，世界各地的報紙紛紛登載兩個孩子的照片，直到他們的母親從照片上認出了他們，孩子卻永遠失去了父親。新婚燕爾的麗德帕絲同丈夫一起去美國渡蜜月，她死死抱住丈夫不願獨自逃生，丈夫在萬般無奈中一拳將她打昏，麗德帕絲醒來時，她已在一條海上救生艇中了。此後，她終生未再嫁，以此懷念亡夫。在瑞士洛桑的倖存者聚會上，史密斯夫人深情懷念一名無名母親：「...當時我的兩個孩子被抱上了救生艇，由於超載我坐不上去了，一位已坐上救生艇的女士起身離座，把我一把推上了救生艇，對我喊了一聲：上去吧，孩子不能沒有母親！沒多久，鐵達尼號沉沒，這位偉大的女性沒有留下名字。」後來他們爲她豎了一個碑「無名母親」。鐵達尼號上的五十多名高級職員，除指揮救生的年輕二副萊特勒倖存外，全部戰死在自己的崗位上。凌晨二點時，一號電報員約翰·菲利普接到船長的命令「棄船，各自逃生」，但他仍坐在發報機房，保持著不停拍發「SOS」的姿式，直至最後一刻。在1912年鐵達尼號紀念集會上，白星輪船公司對媒體表示：沒有所謂的「海上規則」要求男人們做出那麼大的犧牲，他們那麼做了只能說是一種強者對弱者的關照，這不管在陸地還是在海上都是一樣的，這是他們的個人選擇。《永不沉沒》一書的作者丹尼．阿蘭巴特勒對此感嘆道：「這是因爲他們生下來就被教育：責任比其他更重要」！！！不管是面對生死還是生命中的任何磨難，相愛的手永遠都不會放開！"
2021/2/7,「永不沉沒的布朗夫人」|鐵達尼號的真實女主角,TARGET目標,還記得《鐵達尼號》裡面由奧斯卡影后凱西·貝茨扮演的那個胖婦人嗎？露絲的媽媽輕蔑地稱她是「暴發戶」，她是頭等艙客人中除了露絲以外唯一善待傑克的人，上了六號救生艇後她又積極提議救援更多的落水乘客（不過還是被拒絕了）。她就是瑪格麗特·布朗（後來被稱爲莫莉·布朗夫人），歷史上真實存在的人物，並且是有名的慈善家、社會活動家和女權運動先鋒人士。《The Unsinkable Molly Brown》海報在影片中，與阿斯特家族（該家族的阿斯特四世在電影中露了一個背影）這樣的老牌富豪相比，布朗夫人的丈夫是因爲丹佛的淘金熱而一舉成爲富豪，也就是所謂的New Money。所以，大家都認爲她是暴發戶，對她並不熱情，Rose的媽媽更是直接說她是暴發戶。在鐵達尼號上，布朗夫人是唯一對Jack好的頭等艙乘客（Rose除外）。爲了讓Jack可以體面地參加一個舞會，她慷慨出借了自己兒子的一套禮服，於是我們看到了下面一幕▼換上新裝的Jack也不負衆望地改頭換面，一副上流社會公子哥的身段。當然，這也得益於演員小李當年的俊朗外表。如今，即便他已經獲得奧斯卡最佳男主角獎，估計也沒法展示當年風采，因爲體型已經大爲走樣。影片中的Rose、Jack和布朗夫人電影中，布朗夫人的形象非常好，既對Jack和Rose友善，又對人性看得通透，在乘客們泡在海中尋求救援的時候，她還因爲想叫尚有空位的救生艇劃回去救更多的人而和船員發生了衝突。莫莉·布朗肖像莫莉·布朗出生於密蘇里州的漢尼拔市（Hannibal），父母都是來自愛爾蘭的移民。她出生時的姓名是瑪格麗特·托賓（Margaret Tobin）。小時候，瑪格麗特在密西西比河邊上的一間農舍里長大，因爲家裡不是很富裕，她只在一間語法學校上過幾天課。青少年時代，她就在當地一家菸草公司打工。轉眼到了18歲，瑪格麗特到了出嫁的年齡。懷著覓得如意夫婿的夢想，瑪格麗特跟著姐姐和姐夫前往科羅拉多州的萊德維爾，並在一個鍛鐵工廠里打工。1886年初，她遇到了詹姆斯·約瑟夫·布朗（J.J. 布朗），兩人於九月份結婚，並育有一兒一女。J.J.布朗在一個礦場工作，雖然不是大富大貴，但他有著聰明的頭腦——他設計了一種開採方法，讓開採量迅速增長。到1893年，J.J. 布朗所在的礦場每天能運送135噸礦石，他因此被授予礦場12500股股票並成爲股東之一，一舉成爲大富翁。發財後，J.J.布朗帶著妻子搬去丹佛，躋身當地上流社會。在丹佛的賓夕法尼亞大街上，J.J.布朗購買了一幢別墅，在那裡，他們舉辦各種聚會，與丹佛的上流社會談笑風生。至今，這幢別墅依然存在，並且是美國歷史文化遺蹟之一。位於美國丹佛的莫莉·布朗故居布朗夫婦全家照早在萊德維爾的時候，瑪格麗特就開始參加當地的女權活動，並創立了全美婦女選舉聯合會（National American Women’s Suffrage Association）科羅拉多分會。到了丹佛之後，瑪格麗特又成爲丹佛婦女俱樂部的創始成員——這個俱樂部提倡女性的選舉權。同時，瑪格麗特積極投身公益，集資建造了丹佛的聖母大教堂和聖約瑟夫醫院，並與當地法官建立了全美第一個少年法庭——也最終爲如今的美國少年法庭制度奠定了基礎。瑪格麗特一直是一位聰明好學的女性。儘管青少年時代所受教育有限，她還是在1901年前往卡內基大學求學，並自學了法語、德語、俄語等多種語言。1909年和1914年，她還兩次競選州議會議員，只是最後輸給了范德比爾特家族（美國史上另一個巨富家族）的兒媳婦Belmont。即便從今日來看，瑪格麗特當時競選議員的舉動依然值得讚嘆。她是美國歷史上第一批競選議員的女性之一——要知道，在那個時候，美國婦女甚至還沒有投票權。影片中，救生艇里的布朗夫人和Rose母親眼睜睜看著輪船沉沒從鐵達尼號上倖存回到美國後，布朗夫人給營救人員頒發榮譽獎盃，1912年，布朗夫人正和女兒海倫在歐洲旅遊，忽然收到電報，說她的孫子得了重病。於是她和瑪麗打算回美國，並立刻定了返回美國的船票——也就是鐵達尼號的首航。但是女兒臨時有事，在最後一刻選擇留在了倫敦。後來發生的事情，我們通過電影知道了——輪船撞上了冰山。跟電影中的情節一樣，瑪格麗特被安排上了六號救生艇。六號救生艇上大部分是女性，當時大家都很害怕，只有布朗夫人表現出了鎮定：她號召所有人保持冷靜，同時希望船員帶他們返回尋找更多落水乘客——救生艇的核定人數是60人，但當時只坐了不到20人。然而她的提議被斷然否定了。儘管如此，瑪格麗特還是積極鼓勵大家保持樂觀的情緒，等待前來救援的船隻。在救生艇上度過了幾個小時後，他們等來了卡帕西亞號（R.M.S. Carpathia）。卡帕西亞號是當時收到求救信號的20多艘船隻中最先趕到事發地點的，它載著倖存者回到紐約。不幸的是，這艘郵輪後來在一戰期間被德軍艦艇的魚雷擊沉。回到美國後，瑪格麗特積極幫助籌建鐵達尼號倖存者委員會並被選爲主席，她積極參加社會活動，爲貧困的倖存者籌集了近10000美元。1912年5月29日，作爲倖存者委員會的主席，瑪格麗特向卡帕西亞號上每一位參與救援的船員頒發了榮譽獎盃。在以後的幾年裡，瑪格麗特繼續在鐵達尼號倖存者委員會工作，還促成了華盛頓特區鐵達尼號紀念館的建立。然而讓她感到難過的是，作爲一個女人，她不被允許在鐵達尼號的事故調查聽證會上作證。於是，她寫下了自己在鐵達尼號及卡帕西亞號上的經歷，並在丹佛、紐約以及法國巴黎的報紙上發表，讓更多人了解真相。也是由於鐵達尼號事件，瑪格麗特在美國的名聲鵲起。她利用自己的名氣，更加積極地投身於各種公益事業，例如婦女權利問題、兒童教育問題和歷史遺蹟保護。一戰期間，她還參與了法國前線委員會的工作，一戰結束後的1932年，瑪格麗特被法國政府授予榮譽勳章。晚年的瑪格麗特把重點放在了戲劇研究上，還隻身一人前往巴黎學習表演藝術。1932年，布朗夫人在紐約的Barbizon酒店在睡夢中逝世。根據布朗夫人的經歷，百老匯的製片人創作了音樂劇《永不沉沒的莫莉·布朗》。後來，這個劇本又被改編成好萊塢同名電影，布朗夫人也因此成了美國家喻戶曉的人物。
2021/4/14,「鐵達尼號」倖存者逃生真相：哭喊聲、槍聲與船轟然倒下的瞬間,蔡娪嫣,1912年4月14日深夜，當時世界上最巨大華美的船艦「鐵達尼號」（RMS Titanic），在從英國南安普敦到美國紐約的處女航程撞上冰山，號稱「永不沉沒的巨船」竟開始下沉。過了午夜，不到3個小時的時間內，這艘船沒入冰凍的大西洋中，船上只有16艘救生艇和4輛折疊式小艇，不足以拯救所有人。2224名乘客僅710人生還，其餘1514人遇難，是那個和平時代死傷最慘重的船難。英國作家班克羅夫特（James Bancroft）近日出版的新書《鐵達尼號：前方的冰山》（Titanic: 'Iceberg Ahead'），考據50名倖存者所具體目擊的畫面：乘客倉皇逃命，人們發出淒厲的哭聲與喊叫，而樂隊的英雄仍不停演奏；漆黑海面上漂浮著溺水的屍體，救生艇上的人們為避免超載，而阻止其他游過來的人。調香師薩爾費爾德的香水薩爾費爾德（Adolf Saalfeld）1865年出生於德國，20歲時移居英國，長大後在曼徹斯特（Manchester）做一名調製香水的商人。他為了前往美國展覽精選香水，而成為鐵達尼號的頭等艙旅客，房間正好與船上最富有的乘客阿斯特六世（John Jacob Astor VI）相對。他的隨身行李裝有65個香水玻璃瓶，直到2000年才在船隻殘骸裡發現。鐵達尼號船上的故事與文物，一直為世人所著迷。不明罹難者身上取出的一只銀色懷錶，指針停在主人掉入大西洋的4月15日凌晨2時28分。所有被撈起的物品散發著腐臭味，令搜索人員感受到何謂死亡，唯有曼徹斯特調香師薩爾費爾德隨身攜帶的香水瓶，它們在殘骸中安然無恙，打開的瞬間雖已事隔近100年，仍能聞到橙花和薰衣草的氣味，沁人心脾，彷彿回到整艘船仍歌舞昇平的時候。薩爾費爾德指出，他搭上了救生艇，「漂流在海面時，看到鐵達尼號越沉越低，最後她的燈火完全熄滅，小艇上的其他人說，他們目睹了她如何消失。」他說，「直到小艇划遠，離失事地點將近3公里，仍可以清楚聽到哭聲。船上沒有人知道有多少艘救生艇，但是……如果有足夠的小艇、足夠的時間來拯救船上的每個靈魂就好了。」船員布萊德的劫後重生布萊德（Harold Bride）1890年生於英國，曾是馬可尼電信公司（The Marconi Company）的員工，後來被指派擔任鐵達尼號的船員。他指出，遊輪撞上冰山之後，62歲的船長史密斯（Edward Smith）告訴他：「我們已經撞上冰山了，你最好準備發出求助信號。但在我要你發送求救之前，都先不要動作。」船員們充滿擔憂與疑惑，但是從船長的反應，仍看不出即將有一場災難。然後，船長終於下令他發送求助訊號，附近的幾艘船做出回應，但最近的一艘輪船卡柏菲亞號（RMS Carpathia）距離他們93公里遠。甲板上到處都是不知所措的男男女女，他說救生艇最多只能載1178人，遠不夠供所有乘客逃命，船方趕緊丟救生艇下水，要求讓婦女和兒童先登艇。「船長來告訴我們，我們的機艙正在進水，發電機可能撐不久了。我們將這些事實發送給卡柏菲亞號，我在甲板上環顧著四周，感覺水就要淹上甲板，」他回憶道，在所有人都在爭相逃生，宛如世界末日的場景裡，船上的樂團仍繼續演奏悠揚的樂曲。1997年經典電影《鐵達尼號》也演出了這段畫面，向樂手們致敬。「我猜樂團所有人都罹難了，他們是英雄，直到死亡來臨之前，他們都在演奏韋瓦第（Vivaldi）《四季-秋》（Four Seasons - Autumn），」他說道。後來，史密斯船長向所有船員下令放棄這艘船，「現在就拋下你看守的艙室，你們每一個人現在都只是你們自己，為自己找出路吧，你們都自由了。」布萊德試圖將一艘救生艇推入水中時，被海浪捲進海裡，無與倫比的鐵達尼正在傾斜，她的後半部浮在空中，布萊德拚為避免被壓倒，盡全力游開距離，終於被拖上一艘救生艇。巴克沃斯（Algie Barkworth）1864年6月出生於約克郡（Yorkshire），他為了目睹世界上最美麗的巨輪，而預訂鐵達尼號船票。撞上冰山那一刻，他與朋友正坐在甲板上，極為刺耳的聲音劃破寧靜，船舶在引擎停止之前震動不已，冰山的碎塊砸上甲板。由於船長下令優先讓婦孺登艇逃難，許多男人只能搶拿救生衣，跳到海裡賭運氣，巴克沃斯也這麼做了。「我當時身穿救生衣，拚了命逃開即將沉沒的船。所幸碰到一塊漂浮的木板，讓我能靠在上面。當我終於得空環顧四周，我發現鐵達尼號已經消失了……於是我慢慢游開，幸運地找到一艘翻倒的救生艇。」他說，爬上船之後，溺水的人們最可怕，「越來越多的人抓住救生艇尾端，但小艇已經滿了，我們不得不阻止其他人靠過來。」沉船後的第6小時，小艇開始進水淹到膝蓋，倖存者以為就要沒救，所幸卡柏菲亞號的船員找到了他們。和母親艾斯特（Esther）、父親班傑明（Benjamin）搭上鐵達尼號時，伊娃哈特（Eva Hart）年僅7歲。船隻沉沒時，艾斯特和伊娃很快就被安置到一艘救生艇上，艾斯特回憶道：「我聽到有人在哭喊『她正在下沉！』我聽到嘶啞的叫聲『婦女和兒童先來！』，然後我們匆忙地找向一艘又一艘救生艇，都被告知已經沒位子了。」走到第5艘小船邊時，還剩下空位，母女倆一前一後被抱了上去，隨即發生一件令伊娃哈特永遠不能忘記的事。一名男子試圖爬上小艇，遭到船上一名船員鳴槍警告：「下一個敢把腳踩在這條船上的男人，我會把他像狗一樣將擊落。」班傑明知道自己無法登艇，臨別前給妻兒套上保暖的外套，向旁人懇求：「看在上帝的份上，請照顧我的妻子和孩子。」伊娃對拿著槍的船員大喊：「別開槍打我爸爸！你不能開槍殺他！」這是與父親的最後一次見面，父親告訴她：「要做個好女孩。」鐵達尼號在發出「轟然悲鳴」之後沉入海浪下，卡柏菲亞號於上午8點將他們救出。伊娃後來成為一名職業歌手，她多次公開譴責營運鐵達尼號的公司「白星航運」（White Star Line）。她在1993年一次採訪中說：「我能記住所有顏色、聲音、一切……我記憶裡最可怕的事情是慘叫聲，好像所有人都消失了、淹死了、沒命了，整個世界都停下來，什麼都沒有了，只剩漆黑夜空繁星籠罩下那致命而可怕的沉默。」
2019/10/19,悲慟！鐵達尼號唯一倖存的副船長 公開當年的「沉船真相」,三立新聞,大家都知道《鐵達尼號》中傑克和蘿絲的感人愛情故事，但你對鐵達尼號還有更深的認識嗎？它的背後究竟還發生了什麼事呢？1912年鐵達尼號撞上冰山後沉沒，整個驚心動魄的過程有以電影的方式還原。但畢竟是電影，沒辦法完整的陳述事實。當年存活下來的副船長忍了好多個年頭，終於公開了沉船的事發經過。「鐵達尼號」的沉沒造成船上包括乘客和船員在內的2229人中1517人喪生，這也是有史以來最致命的海難之一，而712名倖存者搭乘「卡帕西亞號」返回。38歲的查爾斯·萊特勒是鐵達尼二副，他是最後一個從冰冷的海水中被拖上救生船、也是職位最高的生還者。晚年，他寫下了17頁的回憶錄，講述了鐵達尼號沉船災難的細節。面對沉船災難，船長命令先讓婦女和兒童上救生艇，許多乘客顯得十分平靜，一些人則拒絕與家人分開。我高喊：「女人和孩子們過來！」然而我根本找不到幾個願意撇下親人而獨自踏上救生艇的女人或孩子！萊特勒回憶道：「只要我還活著，那一夜我永遠無法忘記！」在第一艘救生艇下水後，我對甲板上一名姓斯特勞的女人說：「你能隨我一起到那隻救生艇上去嗎？ 」沒想到她搖了搖頭：「不，我想還是呆在船上好。」她的丈夫問：「你為什麼不願意上救生艇呢？」這名女人竟笑著回答：「不，我還是陪著你。」此後，我再也沒有見到過這對夫婦···亞斯特四世（當時世界第一首富）把懷著五個月身孕的妻子送上4號救生艇後，站在甲板上，帶著他的狗，點燃一根雪茄菸，對劃向遠處的小艇最後呼喊：我愛你們！一副曾命令亞斯特上船，但是卻被他憤怒的拒絕：我喜歡最初的說法（保護弱者）！然後，把唯一的位置讓給三等艙的一個愛爾蘭婦女。幾天后，在北大西洋黎明的晨光中，打撈船員發現了他，頭顱被煙囪打碎…他的資產可以建造十幾艘鐵達尼號，然而亞斯特拒絕了可以逃命的所有正當理由。著名銀行大亨古根海姆，穿上最華麗晚禮服說：「我要死得體面，像一個紳士。」而且他給太太留下的紙條寫著： 「這條船不會有任何一個女性因我搶占了救生艇的位置，而剩在甲板上。我不會死得像一個畜生，我會像一個真正的男子漢。」而斯特勞斯是世界第二巨富，美國梅西百貨公司創始人。他無論用什麼方法，他的太太羅莎莉始終拒絕上八號救生艇，她說：「多少年來，你去哪我去哪，我會陪你去你要去的任何地方。」八號艇救生員對67歲的斯特勞斯先生提議：我保證不會有人反對像您這樣的老先生上小艇。 斯特勞斯堅定地回答：我絕不會在別的男人之前上救生艇。然後挽著63歲羅莎莉的手臂，一對老夫婦蹣跚地走到甲板的藤椅上坐下，等待著最後的時刻。紐約市布朗區矗立著為斯特勞斯夫婦修建的紀念碑，上面刻著：「再多再多的海水都不能淹沒的愛。」一名叫那瓦特列的法國商人把兩個孩子送上了救生艇，委託幾名婦女代為照顧，自己卻拒絕上船。兩個兒子得救後，世界各地的報紙紛紛登載兩個孩子的照片，直到他們的母親從照片上認出了他們。不幸的是，孩子們永遠失去了父親。新婚燕爾的麗德帕絲同丈夫去美國度蜜月，她死死抱住丈夫不願獨自逃生。丈夫在萬般無奈中一拳將她打昏。麗德帕絲醒來時，她已在一條在海上漂浮的救生艇上了。此後，她終生未再嫁，以此懷念亡夫。死難者還有億萬富翁阿斯德、資深報人斯特德、砲兵少校巴特、著名工程師羅布爾等……他們把救生艇的位置讓出來，給了那些身無分文的農家婦女。鐵達尼號上的五十多名高級職員，除指揮救生的二副萊特勒倖存，全部戰死在了自己的崗位上。凌晨二點一號電報員約翰·菲利普接到船長棄船命令，各自逃生，但他仍坐在發報機房裡，保持著不停拍發「SOS」的姿勢，直至最後一刻。當船尾開始沉入水下，我聽到在那最後一刻，在生死離別的最後一刻，人們彼此呼喊的是：我愛你！我愛你！它，在向我們每一個人詮釋著愛的偉大！我要讓你知道，我有多麼的愛你！在1912年鐵達尼號紀念上，白星輪船公司對媒體表示：沒有所謂的海上規則要求男人們做出那麼大的犧牲，他們那麼做只能說是一種強者對弱者的關照，這是他們的個人選擇。
2020/7/31,【鐵達尼號】傳奇倖存者三遇海難仍死裡逃生　獲封永不沉沒的女士,王誦賢,"由占士金馬倫（James Cameron）執導；里安納度狄卡比奧（Leonardo DiCaprio）及琦溫斯莉（Kate Winslet）主演的《鐵達尼號》（Titanic），相信其故事至今仍對影迷而言然非常深刻。然而除了Jack及Rose的淒美故事外，原來船上有一位女服務員的故事同樣非常傳奇。這名女服務員名為Violet Jessop，她是一名遠洋郵輪女服務員及護士。Violet Jessop在1887年於阿根廷布蘭卡港出世，是家中的長女，而父母合共有9名子女。由於當時Violet Jessop的父母長期以務農維生，所以Violet Jessop擔起照顧弟妹的責任。可是Violet Jessop自幼患上肺結核，醫生還斷言她的病無法根治，然而她竟奇蹟般地活下來。在她16歲那年，父親突然因併發症去世。之後Violet Jessop一家人搬到英國開始新生活。Violet Jessop到英國後在一間修道院學校讀書，放學後回家照顧最年幼的妹妹，而她的母親則在輪船上擔任女服務員。後來Violet Jessop的母親病倒，於是Violet Jessop離開學校，追隨母親的腳步成為一名女服務員。在1908年，當時只有21歲的Violet Jessop成為英國皇家郵輪Orinoco的女服務員。在1911年，Violet Jessop轉到白星航運，並在旗下的奧林匹克號擔任女服務員。據了解，奧林匹克號是當時最大型的民航郵輪。Violet Jessop在1911年9月20日登上奧林匹克號，當時郵輪剛離開修咸頓不久便遭到英國皇家海軍防護巡洋艦Hawke追撞，幸好沒造成傷亡。儘管船身遭到破壞，郵輪仍然安全返回港口，而Violet Jessop也沒有在其回憶錄中記載這件事。部分遭遇拍成《鐵達尼號》，在撞船意外發生後半年，24歲的她在1912年4月10日登上鐵達尼號，沒想到四天後，被譽為「永不沉沒」的鐵達尼號撞上冰山，並在撞上冰山後兩個多小時就沉沒。Violet Jessop在回憶錄中提到她是如何獲安排逃離鐵達尼號，而這段經歷都有被寫入《鐵達尼號》的劇本中。由於當時船上很多乘客不懂英語，無法聽從船員的指示及安排。於是Violet Jessop被船員要求登上16號救生艇，作為其他乘客的榜樣：「一名船副先命令我們登上救生艇，向在場女士展示這救生艇是安全的。」就這樣Violet Jessop與其他709人成為這次海難的倖存者。鐵達尼經驗救了自己，鐵達尼號的海難沒有把Violet Jessop嚇怕，她在第一次世界大戰期間擔任英國紅十字會的護士，並在1916年11月21日登上了不列顛號，這是奧林匹克號和鐵達尼號的姐妹艦。當時正在運送英國傷兵的不列顛號行經希臘海域時突然爆炸，並在55分鐘內迅速沉沒。然而由於有了鐵達尼號的經驗，船上放置了更多的救生艇艇。最終只有30人死亡，而船上合共1,066人。第一次世界大戰後，Violet Jessop仍然在白星航運公司工作，之後曾加入其他航運公司，直到1950年退休。在Red Star Line工作期間，Violet Jessop曾乘坐公司最大的郵輪SS Belgenland兩次環遊世界。據了解，Violet Jessop在30歲左右結婚，但婚姻非常短暫。她退休後在英國沙福郡定居。她在1971年因心臟衰竭離世，享年84歲，而她也被後常被稱為「永不沉沒的女士」"
2019/12/9,【鐵達尼號】紀錄片揭倖存者從未曝光信件　記載撞冰山後救援經歷,王誦賢,"由占士金馬倫（James Cameron）執導；里安納度狄卡比奧（Leonardo DiCaprio）及琦溫斯莉（Kate Winslet）主演的《鐵達尼號》（Titanic），電影改編自1912年4月發生的鐵達尼號沉沒事故，事件最終造成超過1,500名乘客死亡。早前英國UKTV播放紀錄片《Titanic: Stories From The Deep》，節目公開了其中一名倖存者從未曝光的信件，讓世人更深入了解這次可怕的海難。距離鐵達尼號沉沒事故發生至今達107年，然而，當年發生的悲劇仍然讓人難以忘記，其中一個原因相信是受電影《鐵達尼號》的影響。戲中Jack的死亡爭議雖然事隔22年，但仍然爭論不休。近日有紀錄片公開一名倖存者從未曝光的信件，而這封信是來自一名逃過鬼門關的小孩。唯一沒有父母而獲救的小孩。在1912年4月14日，鐵達尼號在晚上11時40分撞上冰山，不少乘客被突如其來的事故嚇倒，慌忙逃生。奈何救生物品嚴重不足，最終導致超過1,500名乘客死亡，當中包括父親Michel。當時他與兩名兒子屬於二等乘客，比《鐵達尼號》中的Jack高一等。意外發生後，父親Michel帶著兩名兒子撤離，並如電影所言，女士及小孩獲優先撤離機會。最終，當時只有4歲的Michel Navratil與2歲的弟弟Edmond Navratil成功坐上了最後一艘救生艇。可惜父親Michel最後跟鐵達尼號一樣，長埋大海中。至於這對倖存的小兄弟，被傳媒形容為「鐵達尼號的孤兒」，皆因兩人是唯一沒有父母而成功獲救的小孩。紀錄片中，Michel Navratil的孫女Elisabeth朗讀了Michel Navratil的信函，詳細記載沉船的經歷：「父親把我叫醒，並把我帶到鐵達尼號的甲板上。我與弟弟被安排上救生艇，但那救生艇已經快滿座。父親叫我們善待母親，之後他便離開了。我不知道此生都不會再見到他。我記得救生艇離開鐵達尼號那一刻，救生艇在水中時發出的噪音，及救生艇移動的一刻。我記得我在救生艇上睡著然後醒來。大海是帶白色的，近乎非常翠綠，而遠處有另一艘船。」「真誠的人根本只有死路一條」最終Navratil兩兄弟由一位懂得法語的頭等乘客Margaret Hays照顧，直到1912年5月16日，兩兄弟的母親從報紙看到兒子的相片，才知道兩人目前身在紐約，之後她立刻動身到當地，並將兩名兒子帶回法國。
其實Michel Navratil曾在晚年接受訪問，稱事故發生時從沒感到害怕：「我記得當初進入救生艇是非常榮幸。」他續指出：「我們旁邊坐著一位銀行家的女兒，她的狗都在救生艇上，當時沒有人反對。船上的人財富差異很大，後來我才知道，如果我們不是二等乘客，我們已經死亡。」他還指出：「獲救者是透過哄騙及激進的手法而獲救，真誠的人根本只有死路一條。」Michel Navratil在2001年離世，享年92歲，他是鐵達尼號最後一位離世的男乘客。"
2017/8/26,「泰坦尼克」號有6名中國倖存者 背後有段很醜陋的故事,木易,真實的「泰坦尼克」號海難後，不但有悽美的愛情故事，還藏著醜陋的種族主義歧視。從昨天起，有個事火了：「泰坦尼克」號當年沉沒時，上面原來有8個中國人，6人生還！英國小哥Arthur Jones 還拍攝了一部紀錄片，名字叫《The Six》，走訪了他們的後代，試圖還原當年的故事。消息傳開後，好多人覺得這英國小伙不簡單，肯定鍥而不捨，在舊籍中披沙揀金，才翻出這種「秘聞」。要是大家知道，當年這6個中國人在西方「家喻戶曉」，會怎麼想？要是大家還知道，當年他們的「名聲」是極端負面的，又會怎麼想？今天，已閱君來聊一聊這件當年中國人蒙受了極大冤屈的事。他們為何能上「鐵達尼號」？在當時，「泰坦尼克」號是一流的超級豪華巨輪，上面怎麼會有中國人？原因很簡單，他們不是乘客，而是船上燒鍋爐的工人，登記名字是：FangLang、LeeBing、AliLam、ChangChip、ChoongFoo、LeeLing、LingLee和LenLam。只能查到3個中文名：鍾捷、李炳、炳新。為了節省成本，當時船務公司喜歡招華人船員，往往在三處招工：寧波、海南、香港。這8個船員，有是寧波人的可能性。當時第一次世界大戰還沒發生，護照和簽證，是戰後才普遍推行的，他們大概因為在香港上船，所以統一登記為香港居民，但實際上不一定。他們只有一張船票，票價56英鎊9先令11便士，可供8人使用，三等艙，編號1601，工資只有同樣工作的白人船員的五分之一。1997年版的電影《鐵達尼號》上，原本有華人的鏡頭，後期製作時剪去了。2012年「鐵達尼號」海難百年，3D增補版上映，當時中國電影市場頗為可觀，外國電影喜歡加點「中國元素」，這鏡頭又被恢復了。2012年增補版《鐵達尼號》，原先被剪掉華人的鏡頭又回來了。他們經歷的事，也很簡單：1912年4月14日，「泰坦尼克」號首次航行，就撞到海中冰山，2小時40分鐘後沉沒，1502人葬身海底，705人生還，其中就有他們。「騎士精神」怎麼出爐的？現在說起「泰坦尼克」號，人們的第一印象是：海難發生後，船上秩序井然，婦孺優先入艇逃生，樂隊鎮定自若，不斷演奏樂曲，船上乘客盡顯高貴剛毅之氣。真是這樣嗎？就此，中國社科院程巍研究員通過翻閱當年海量的媒體報道，寫了一本書：《鐵達尼號上的「中國佬」》，揭開這種印象是怎麼造出來的。程巍研究員出版的《鐵達尼號上的「中國佬」》（英語中「中國佬」屬於貶義詞）海難發生後，英國人很尷尬，因為船是他們造的，又是他們開的。船上美國人死了不少，起初美國媒體猛烈朝英國「開火」，「扒」出很多內幕：比如說撞上冰山前一個多小時，船上就不斷接到過往船隻的警告，生還的英國水手克萊恩稱「瞭望員昏昏欲睡，船上其他指揮官和船員都喝得醉醺醺的」等等。這是事實，英國無法反駁。但英國媒體自有妙招：「把白事吹成紅事」，猛烈吹噓英國人的「紳士精神」。對「泰坦尼克」號的那些印象，最初就是英國人造出來的。最出格的編造，就是關於一個「女英雄」戈登夫人的事跡，稱她最後一個「入艇」，鎮定自若。實際上，她和丈夫上了救生艇後，立即塞給船員5英鎊錢，讓他們快點划走，結果這艘可裝40人的小艇，只裝了12人就划走了，其中7人還是船員。美國人也不遑多讓，1912年4月19日《紐約時報》稱，輪船公司紐約碼頭負責人說，英國國會議員、美國參議員等「大人物」，爭先恐後搶救生艇，船員們不得不開槍，將他們趕下來。《紐約時報》顯然不喜歡這種說法，這則新聞後跟了一條報社的按語，稱他胡說八道。第二天此人嚇得趕緊改口，說記者誤引。真實的情況是：海難全部七百餘名生還者中男子占了一半，而美英男子又在其中占一大半。按艙室的檔次來看，頭等艙生還率是62%，二等艙48%，三等艙25%。英國和美國媒體「狗咬狗」，猛吹自己，揭對方的短。但突然間，英美媒體聯合起來，大吹起「盎格魯-薩克遜人始終不渝的騎士精神」、「盎格魯-薩克遜男人才是真正的男人」來。這又是怎麼一回事呢？一番周折後，他們找到了這6個人原來，英國和美國媒體「咬」了大半天后，突然發現：這是大水沖了龍王廟，一家人不認一家人！「泰坦尼克」號屬於白星公司，註冊為「英國皇家郵輪」，但英美報紙被告知了一件事：這家公司實際掌控者是美國摩根財團掌門人 J.P.摩根。另外，美國大西洋沿岸的旅遊業老闆們，也對美國報紙大罵英國人不負責任不滿，因為他們很希望英國遊客來，要是英國輪船公司不負責任的形象傳出去，誰還敢坐船到美國旅遊？於是，英美媒體三百六十度大轉彎，開始了大合唱，吹起「盎格魯-薩克遜人」的「騎士精神」和「紳士風度」來了。但這種吹噓要使人相信，必須要有個「反面教材」或者參照物。在當時，種族主義盛行。在英國和美國「鄙視鏈」上的外人不少：黑人、愛爾蘭人、義大利人、中國人等等。這就變味成了國家實力的PK。用黑人當替罪羊，英美早有傳統。「泰坦尼克」號上，確實有個黑人，但不幸的是，他死於海難。就這樣，還被人用上了，羅根·馬歇爾1912年6月出版的《鐵達尼號沉沒》中稱：這個黑人搶奪首席電報員的救生衣，結果被副電報員布萊特擊斃了。搶救生衣的事確實有，但被搶的人最初說搶他救生衣的是個白人。所以，可以看出後來的說法，純粹是睜眼說瞎話。傅滿洲的形象，是對華人進行種族歧視的一個象徵。愛爾蘭人也常被「黑」，本來是個好題材，但這次碰巧不行。首先，「泰坦尼克」號是一萬多名愛爾蘭工人造的，這眾所周知；愛爾蘭人畢竟和英國人、美國人打交道時間太長，對他們媒體這一套再熟悉不過了，要是胡亂黑，會激起眾怒，正好又趕上當時愛爾蘭獨立運動風起雲湧，所以英國政府明確表態：你們就不要火上澆油了。當時，義大利人也常被「黑」。於是，《紐約時報》報道稱：三等艙乘客們瘋狂撲進救生艇，其中三個義大利人被船副用槍擊斃。在美國參議員聽證會上，「泰坦尼克」號五副諾維說：義大利人「眼裡全冒出兇狠的光，像群野獸」，「時刻準備從那裡躍進救生艇」。義大利雖然弱，但畢竟也是當時的列強之一。於是，當時的義大利駐美大使古薩尼和使館法律處職員溫森佐找到了這個五副，表示如果他再堅持這種詆毀義大利人的說法，那就「走著瞧」，這個五副嚇得連忙改口，說他是猜的，當時情況慌亂，根本看不出來。所以，選來選去，只剩下中國人了。更何況，8個中國人，居然能活下6個，這比例也實在太高了。這6個中國人是怎麼逃生的？再來說說他們是怎麼逃出來的。在當時，船隻出事後，船員們先通知了一等艙的富貴者，引發了那場後來隱瞞的慌亂。但這時，坐三等艙的人們並不知道船要沉沒，就算知道，他們也逃不出，因為艙門被鎖住了。後來，艙門被打開了，三等艙的人們蜂擁而出。但在這時，很多救生艇已經放下水了。剩下的還有一些，但不允許他們上。就在這時，其中5個中國人發現船的甲板上，有一條破了的小船，驚恐亂奔的人們根本沒想到它也能用來求生。這5名中國人齊心協力，將這條實際上沒法救命的小船拋入大海，再跳下海，浸在水中，抱著這條船，在海里載沉載浮，幸好後來遇到了救生艇，被人救起；另一個中國人落水時，正巧身邊有塊門板，他牢牢抱著，也遇到了救生艇，因此得救。英國小哥的紀錄片，證實了他們當年是如何逃生的。他們最後一批被放上甲板，又不讓上救生艇，還能奇蹟般生還。有三個原因：運氣好，碰巧看到一艘破了的小船；中華民族向來有遇險時鎮定冷靜，靈活機變，危難中相互扶持的傳統，這時候就發揮出來了。最後一個原因相當諷刺，最早被給予逃生機會的那些人，主要是英國和美國人，過於慌亂，救生艇很多人還沒坐滿，就匆匆放下水去，反而使他們獲救時，得到了位子，要是救生艇當時全是滿的，他們遇上了也等於沒遇上。他們因歧視差點送命，雖然大難不死，這家輪船公司仍欠他們一個公道。他們怎麼變得「家喻戶曉」？但在當時，這種事實是不會被說出的，更不可能有人對他們當面道歉。英美媒體需要一個「反面教材」。先是有媒體捏造，說他們是混入船上的偷渡客，隨身帶有女人用的披巾，在船員組織女乘客優先進入救生艇時，順利偽裝逃生，「卑鄙地盜竊」「英勇」的「盎格魯-薩克遜男人」讓出來的求生機會。但他們畢竟是船員，有文書做證據，這麼編造很難叫人信服。接著又有人編造說：他們沒偽裝成女人，而是乘著船上紳士們秩序井然地排隊時，鬼鬼祟祟地摸了過去，潛伏於救生艇底逃生。但這還不行，因為之前已經說過他們是從海上救起的。美國早年拍的醜化中國人的電影（注意，這上面的「中國人」是白人演員演的）於是又造了種說法：「他們從甲板跳進救生艇，踩傷了艇中的女乘客。」這事倒是真有，但是「移花接木」的，跳進救生艇的不是他們，而是美國富翁斯騰格爾和所羅門。更叫人驚奇的是：這兩個人竟然被美國媒體封為英雄，因為他們在船上「幫著划槳」，體現了「盎格魯-薩克遜男人」的「英勇氣概」。在當時，中國國力本來就弱，又正好爆發了辛亥革命，自顧不暇。英美媒體抹黑他們，更沒有任何顧忌，不用擔心發生抹黑義大利人時發生的那種事。也不可能有目擊者為他們說話。4月21日《紐約時報》披露，為防止生還船員向外透露海難實際情形，白星公司將他們隔離一艘船的底艙，並派偵探嚴加把守，還勒令他們「別做聲，否則將丟掉白星公司的工作。」在不斷「抹黑」後，這6名死裡逃生的中國人，被說成證明中國人不守規矩、狡詐、奸滑的證明，成了「劣等民族」的象徵，成為西方家喻戶曉的反面人物。100多年過去，還欠他們個道歉這些事，這6名獲救的中國人當時應該不知道。「泰坦尼克」號獲救的人，先被送到一個叫達埃利斯的島上，然後被送往紐約。美國當時有排華法案，他們不允許進入美國，所以第二天，他們就離開了，上了另一條船，繼續他們的船員生涯。除了他們之外，所有其他獲救的人，都被允許進入美國。美國媒體當時敢這麼猛造他們謠，這也是其中一個原因。反正他們正在去往古巴的船上幹活，根本不可能知道美國媒體怎麼說他們，就算知道，因為根本不懂英語，也無法辯解。最關鍵的是，當時壓根就沒人會找他們。造謠最高潮時，很多頭等艙和二等艙的乘客，雖然不曾和他們謀過面，卻也紛紛聲稱自己「目睹」了他們的「卑劣行徑」。原因很多，正如前面所說，他們中有些人用卑劣的辦法活了下來，卻要把自己包裝成英雄；在當時，種族主義傾向盛行，不少人出於這種心理，哪怕沒親眼見到，當人問起，也要「政治站隊」，反正中國當時弱，就算他們造謠造到天上去，也不會有人找上門。在獲救者中，只有他們被禁止進入美國。不讓上救生艇，自己憑著本事，在極度危險中，設法逃出生天，還要被很多人說成是壞人，其他人都被允許進美國，他們就不被允許。國家弱小，國人被不被外國人當人，現在說起來，滿滿都是傷心淚！至於他們到底是什麼身份，又是用了什麼辦法，在海難中逃生，對當時很多英國和美國人來說，既不重要，也不值得關心。反正，這8個中國人中有6個活了下來，僅此就足以證明他們是壞蛋，進而還可以證明所有中國人是壞蛋。這充分說明一個事實：個人的命運，確實和國家的命運聯繫在一起。這裡有個例證：前段時間，西班牙巴塞隆納發生恐怖襲擊，13人喪生，一時之間，西方媒體紛紛報道。但在此前5天，非洲國家布吉納法索首都瓦加杜古也發生了恐怖襲擊，18人身亡，卻少有人知。同樣都是命，受到的關注卻大不同。和當年這6名中國人的遭遇成對比的，是最近這幾年，美國好萊塢電影中，往往不會忘記放進華人演員去，雖然有時候角色設置得無關緊要，更不敢如上世紀時，將他們設成反面角色，背後的理由很簡單：中國強大了，票房要緊啊。這位英國小哥想到拍這部紀錄片，還事實以真相，值得讚賞；我們更希望，當年那些造謠者，還他們一個公道！
2017/7/19,電影裡都是假的！歷史上鐵達尼號真實故事本沒有那麼美好,歷史小組長,歷史上泰坦號，船身長達三幢半住宅大廈的長度，曾經被歐美新聞界譽為「海上城市」而且在世界航海史上被驕傲的稱之為「永不沉沒的巨輪」。在後來的影視作品中，我們感受到的是一幅幅感人至深的畫面：白髮蒼蒼的老船長莊嚴宣布著婦女兒童先離船，一位仁慈的牧師冒著生命危險指揮著，並大聲呼喊「讓婦女兒童先上救生艇」，一位父親神情的親吻小女兒然後把她送上救生艇，生死離別的親人讓他流下了眼淚。然而這一切的美好的故事畢竟還是生活在美好的童話故事中。這只是後來人們的美好想像，也是出於善意的藝術創造，真正的歷史本沒有那麼美好，相反卻有點令人寒心。小編我查閱了當時乘客保留下來的和一些學者計算的資料，在當時「鐵達尼號」的頭等艙又可乘客319人，200人倖存下來了，倖存率為63%；二等艙有乘客269人存活117人，倖存率為43%；三等艙有乘客669人，172倖存下來，倖存率為25%。三類艙位的倖存率為何那麼大的差距昵？其實「鐵達尼號」和別的客輪一樣，都將存放的求生艇的區域都是安放在頭等艙和二等艙周圍，以安撫當時夫人和中產階級的對航海的風險的擔心。基本上所有的客遊輪都是這樣設計的。還有一個關鍵的因素，就是下水逃生，也是這樣的邏輯，先讓頭等艙，二等艙優先，而不是電影中「婦女兒童優先」而且根據當時的資料顯示，一二等艙共有兒童32人，只有一人死亡；三等艙兒童共有75人，死亡為55人，這就更加進一步肯定了當時情況並不是電影中那樣美好。真實的鐵達尼號是殘酷的，畢竟現實是很殘酷的但願永遠成為歷史。藝術的鐵達尼號是溫暖的，但願就像人們常說的希望照亮每個人的心。
2021/9/20,泰坦尼克號上竟然有8名中國人！他們是誰？他們的命運如何？,馮學榮,大家還記得美國電影《泰坦尼克號》嗎？傑克和肉絲的愛情故事。1912年沈沒的那艘客輪泰坦尼克號，2224名船上人員中，有1514人罹難，這個大家都知道。大家知道的我就不談了，我寫點大家不知道的，鮮為人知的，真實而有趣的。令人驚訝的是，當年沈到大西洋海底的這艘泰坦尼克號，船上竟然有8位中國人是的。你沒有看錯。在真實的歷史上，泰坦尼克號上面的2224人當中，有8位是中國人。貨真價實的，中國人。事實上，電影《泰坦尼克號》的原版，有一個片段，是14號救生艇返回救人，並且救上來一個講廣東話的中國人，不過，這個片段在最後審定的時候，被刪剪了。是的。在1912年的當年，泰坦尼克號上，有8個中國人，他們之中，有的遇難了，有的則得救了。這件事，鮮為人知，許多中國的歷史愛好者，都不知道。那麼，這8個中國人，他們叫什麼名字？他們是哪個地方的人？他們是做什麼工作的？為什麼會出現在泰坦尼克號上？大家不要急。聽我一點一點，說給大家聽。事情，原來是這樣的：廣東有個僑鄉，名叫台山市，在清末民初時期，叫做台山縣。當時台山，有以下8位男子，離開家鄉台山，去了香港謀生，他們的名字，根據泰坦尼克號後來的調查結果，名單是這樣的：Ah Lam，且稱「 阿林 」Len Lam，且稱「 林倫 」Bing Lee，且稱「 李炳 」Fang Lang，且稱「 方朗 」Chip Chang，且稱「 鍾捷 」Foo Cheang且稱「 張富 」Ling Hee，且稱「 許靈 」Ling Lee，且稱「 李領 」這8人的年齡，最小的24歲，最大的37歲。因為美國事後對泰坦尼克號的調查檔案，都是英文，沒有中文，所以，不確定這8個中國人的中文姓名是哪幾個字。但是，事後調查確定：8個人當中的多數，都是來自於廣東台山，儘管有一兩個籍貫未能最終確定，但考慮清末民初中國人出境謀生都是老鄉帶老鄉，所以事後調查員推斷：8個人很可能全部來自台山。這8個中國人離開台山老家，去了香港謀生。到了香港之後呢，他們被英國人僱傭了，加入了一家當時名叫「 唐納德輪船公司 」 的英國公司，入職當了船員，主要是充當鍋爐工、救火員、清潔雜務等。這8個中國人在清末或者民初，去了香港，給英國人打工，當船員，就出海了，平時跑的是從香港到英國利物浦的航線。也就是說，當年這8個人，平時跟隨輪船，往返於香港和利物浦之間。當船員雖然辛苦，但是，比在廣東台山老家耕田，其實好多了，儘管工資只有英國白人船員的20%，但是回到台山老家，還是屬於高收入的。這8個中國人，雖然英語不靈光，但是勝在聰明勤奮，所以在英國人的船公司裡，竟也把飯碗端穩了。打工仔嘛，一旦加入公司，就听從調遣，不久之後，英國唐納德輪船公司新開闢了一條「 大西洋航線 」 ，新的輪船叫做「 阿納德號 」 ，新航線缺人手，於是，英國唐納德輪船公司決定，把這8個中國籍的員工，派到古巴去，加入「 阿納德號 」 ，為新航線服務。當時這8人跟船隨航，到了英國。於是呢，英國唐納德輪船公司給這8名中國人買了一張集體船票，乘坐泰坦尼克號，船票的價格是56英鎊9先令11便士，三等艙，編號1601。當時公司給這8個中國僱員的指令是這樣的：從英國南開普敦，搭乘泰坦尼克號，出發前往美國紐約，然後，再從紐約轉船，去古巴，最終的目的地是當時停泊在古巴的公司為新航線服務的輪船「 阿納德號 」 。這就是為什麼會有8個中國人，登上了在歷史上倒了大霉的那艘泰坦尼克號。這8名中國人，背井離鄉，其實也是為了賺點錢，匯回老家，建一棟房子，娶一個老婆，混一點出息，光宗耀祖，不料，登上泰坦尼克號，卻遇上了大大的厄運。1912年4月10日，泰坦尼克號首航，從英國的南開普敦港出發，目的地是美國紐約。8個中國人在泰坦尼克號上，打牌，談笑，吹牛，憧憬未來。泰坦尼克號在大西洋上航行了4天之後，1912年4月14日晚上11點40分，暸望塔上的船員，看到了前方黑暗的夜色之中，出現了一座座巨大的冰山試問大西洋的海面上，為什麼會有冰山呢？平時一般沒有。答案是：泰坦尼克號非常倒霉，因為剛好前段時間，格陵蘭島上的冰山分離了。冰山們一路向南漂移，漂到了大西洋的洋面上，在茫茫的大西洋上，形成了一個又一個的巨大路障。暸望塔上的船員看到冰山之後，馬上吹響了哨子，並且打鈴，也同時打電話向船長報告。不過，一切都已經太晚，泰坦尼克號，還是撞上了冰山。船撞上冰山之後，五個艙開始進水，這個時候，船長很清楚，船保不住了，於是，下令放救生艇，開始疏散撤離乘客。在三等艙裡，這8名中國人，也感受到了船撞冰山的震動，也看到身邊的白人大喊大叫，四處亂竄，雖然英語聽不太懂，然而8個中國人也知道：船出事了於是，他們跟隨著三等艙的乘客，一併湧向大門，想跑到甲板去，逃生。但是，大門被船員鎖上了你沒有看錯。三等艙的大門，被船員鎖上了，出不去。為什麼呢？事情是這樣的：船長知道船保不住之後，第一時間叫船員鎖上了三等艙的大門，因為船長要讓頭等艙有錢有勢的人，優先登上救生艇。是的。你沒有看錯。有錢人優先登救生艇當時的情況是這樣的：船上共有2224人，救生艇有20只，大小不一，共可容納1178人，換句話說，救生艇不夠，必須犧牲掉1046人，當時乘坐一等艙的，都是有錢有勢的人，於是船長決定，讓頭等艙的尊貴的客人先走，而且同時，為了防止三等艙的窮人跑到甲板上來「 搗亂 」 ，於是他下令，先把三等艙給鎖上了。注意，船長並不是要將三等艙的窮人置之於死地，船長的想法是：讓頭等艙的富貴客人先走，頭等艙的人走完了，再安排二等艙、三等艙的人上救生艇。這就是為什麼8名中國人和其他的三等艙乘客會被鎖死。講到這裡，馮老屍忠告各位，有時間還是要多掙點錢，不要聽那些雞湯青年說什麼「 賺那麼多錢幹嘛，錢夠用就好 」 ，那是錯的。你一定要請記住：階級的屬性在逃命的關鍵時刻才會凸顯出來，也就是說，以後萬一遇上什么生死存亡的災難，記住：富人比窮人擁有優先逃生權這就是我們生活的這個世界的潛規則。一般人我不告訴他。頭等艙富貴人家的妻子兒女優先登上救生艇，其次是富人本身好了，不扯話題，我們回到泰坦尼克號的現場。那麼，既然是有錢人優先上救生艇，有錢人應該憑良心，盡量把救生艇坐滿，以給後面的窮人騰出盡量多的位置才對呀。你是不是也是這樣以為的？如果是，那麼你就錯了。人性是自私的當時實際發生的一幕是這樣的：這些有錢的歐洲人優先登上救生艇之後，因為擔心泰坦尼克號沉沒造成漩渦會把救生艇捲進去，所以，他們登艇非常倉促，頭一批救生艇，只坐了一半，就催促船員把艇放下水。有錢人都想盡快逃生，他們絲毫不考慮後面三等艙的窮人。不過，這批頭等艙的有錢人，基本上做到了讓他們的妻子和孩子先上救生艇，這一點的紳士精神，他們還是基本做到了。因為頭等艙的有錢人狼狽逃生、浪費了許多救生艇的座位，所以，等到後來船長下令打開三等艙的時候，船上剩餘救生艇的座位，已經明顯不夠了。這個時候，泰坦尼克號的船體，已經開始下沉，阿林、李炳、鍾捷、張富、許靈5人，運氣不錯，在慌亂之中，撲上了一艘救生艇，後來最終也因此活了下來。而方朗、李領、林倫這3人，則都掉進了大海裡。掉進大海這3人當中，李領和林倫不幸遇難了不過，方朗則在冰冷的水中，扑騰扑騰，僥倖抓到一塊門板。費了九牛二虎之力，方朗趴到這塊門板上面，漂浮在冰冷的大西洋上，當時氣溫很低，方朗凍得渾身發抖，然而他靜靜趴在門板上，等待奇蹟出現。然而，奇蹟發生了。之前划船走遠的那十多二十艘的救生艇，儘管有很多的空位，但是，他們都沒有回頭來救人。對的。人性，就是這樣自私。尤其是災難來臨的時候。但是，有一艘是例外，它就是編號14號的救生艇。14號救生艇上面，還有幾個空位，它劃走之後，遠遠望著泰坦尼克號沉沒，看見有人在水面上掙扎，於是，14號救生艇的長官，一個名叫羅威的白人，良心發現，在和艇上的難友們商量之後決定：返回救人於是，14號艇往回劃，在海面上，看到了趴在門板上的中國人方朗。當時中國人出國的不多，反而是日本人出國機會多，於是，羅威一看，按照慣常思維，他以為方朗是日本人。艇上的難友們都在喊，這裡有一個，快救他（方朗）。這個時候，羅威冷冷地說：靠，我才不救日本人，救誰都比救日本人強是的。當時羅威的原話就是這樣的：救誰都比救日本人強。（注：當時白種人歧視一切黃種人，包括日本人在內）不過，艇上其他的難友（也是白種人）則反對。他們說，日本人也是人，我們總不能見死不救吧。於是，大家七手八腳，把方朗給拉了上來。方朗被救上來之後，不一會兒，他就緩過來了，這個時候，方朗這個台山佬所做的舉動，贏得了全艇難友的讚賞。方朗做了什麼呢？原來，把方朗救上來之後，划船的那個人已經劃不動了，累壞了，而方朗畢竟是船公司的人，受過划艇救生的訓練，於是，這個時候，方朗義不容辭，主動接過雙槳，為大家划艇。同一艘艇上的倖存者Charlotte Collyer回憶道，當時方朗這個「 日本人 」 划艇的舉動，贏得了大家的喝彩，這個時候，長官羅威說了這麼一句話：這個人（方朗）我剛剛還說不救他，看來我錯了，如果有機會，這種人我還願意救上六回。這個時候，原本在100多公里以外的另一艘輪船，名叫卡柏菲亞號（Carpathia）的，開了過來救人。卡柏菲亞號把包括方朗、阿林、李炳、鍾捷、張富、許靈在內的一共700多名的倖存者，救了上來，安頓之後，駛向紐約。泰坦尼克號上中國籍生還者的照片不過，船在美國靠岸之後，所有生還者都獲准上岸，除了這6名生還的中國人。為什麼呢？因為當時美國的《排華法案》仍然生效，不准中國人入境是的。美國拒絕這6名中國人入境。這個時候，美國當局派出了專員，對這6名生還的中國人，進行了盤問，得知了他們的目的地是古巴。剛好，可以順水推舟。於是，4月19日，美國人安排這6名中國生還者，上了一艘名叫「 Annetta 」 的船，直接把他們送到古巴去了。那麼，方朗、阿林、李炳、鍾捷、張富、許靈這6名大難不死的中國人，他們後來的結局如何呢？其實後來，這6個人，又分道揚鑣，各謀生路去了，有的去了加拿大，有的去了美國，也有的返回香港謀生，偶爾也回台山老家，但後來又輾轉去了美國，等等，天各一方。現在，他們的後代，多數生活在加拿大、美國等地，而他們的後代，雖然也知道他們的祖輩是泰坦尼克號的生還者，但是不知何故，他們都不太樂意對外人談起祖輩的經歷。這個就是在真實的歷史上，當年那艘泰坦尼克號上8名中國乘客的故事。從2017年開始，英國導演Arthur Jones，被這8名中國乘客的故事吸引，他開始籌集資金、蒐集資料，並且四處尋訪這8名中國人的後代。
2019/8/20,泰坦尼克号电影之外的真实故事丨当船开始下沉，你知道人们在呼喊什么吗？ ,無,1912年4月14日那个恐怖的夜晚，泰坦尼克号上共有705人得救，1502人罹难。泰坦尼克号沉船前的最后一张照片（1912）38岁的查尔斯·莱特勒是泰坦尼克二副，他是最后一个从冰冷的海水中被拖上救生船、职位最高的生还者。莱特勒写下了长达17页的回忆录，讲述了沉船灾难的细节。电影中的爱情可歌可泣，荧幕中的一对璧人成为了永恒的经典。其实，现实更多不为人知的故事，带给人尤其残忍的感动。那么接下来，我们就讲一讲死亡和求生背后。讲一讲那些令人动容的真实的故事。1.面对沉船灾难，船长命令先让妇女和儿童上救生艇，许多乘客显得十分平静，一些人则拒绝与家人分开。莱特勒高喊：女人和孩子们过来！然而根本找不到几个愿意撇下亲人而独自踏上救生艇的女人或孩子！莱特勒回忆道：只要我还活着，那一夜我永远无法忘记！2.在第一艘救生艇下水后，莱特勒对甲板上一名姓斯特劳的女人说：你能随我一起到那只救生艇上去吗？没想到她摇了摇头：不，我想还是呆在船上好。她的丈夫问：你为什么不愿意上救生艇呢？这名女人竟笑着回答：不，我还是陪着你。此后，莱特勒再也没有见到过这对夫妇······3.亚斯特四世（当时世界第一首富）把怀着五个月身孕的妻子送上4号救生艇后，站在甲板上，带着他的狗，点燃一根雪茄烟，对划向远处的小艇最后呼喊：我爱你们！一副曾命令他上船，被他愤怒的拒绝：我喜欢最初的说法（保护弱者）！然后，把唯一的位置让给三等舱的一个爱尔兰妇女。几天后，在北大西洋黎明的晨光中，打捞船员发现了他，头颅被烟囱打碎。他的资产可以建造十几艘泰坦尼克号，然而亚斯特拒绝了可以逃命的所有正当理由。为保卫自己人格而战，这是伟大男人的唯一选择。4.著名银行大亨古根海姆，穿上最华丽晚礼服：我要死得体面，像一个绅士。他给太太留下的纸条写着：这条船不会有任何一个女性因我抢占了救生艇的位置，而剩在甲板上。我不会死得像一个畜生，我会像一个真正的男子汉。5.斯特劳斯是世界第二巨富，美国梅西百货公司创始人。他无论用什么方法，他的太太罗莎莉始终拒绝上八号救生艇，她说：多少年来，你去哪我去哪，我会陪你去你要去的任何地方。八号艇救生员对67岁的斯特劳斯先生提议：我保证不会有人反对像您这样的老先生上小艇。斯特劳斯坚定地回答：我绝不会在别的男人之前上救生艇。然后挽着63岁罗莎莉的手臂，一对老夫妇蹒跚地走到甲板的藤椅上坐下，等待着最后的时刻。纽约市布朗区矗立着为斯特劳斯夫妇修建的纪念碑，上面刻着这样的文字：再多再多的海水都不能淹没的爱。六万多人出席了当年在曼哈顿卡耐基音乐厅举行的纪念斯特劳斯晚会。6.一名叫那瓦特列的法国商人把两个孩子送上了救生艇，委托几名妇女代为照顾，自己却拒绝上船。两个儿子得救后，世界各地的报纸纷纷登载两个孩子的照片，直到他们的母亲从照片上认出了他们，孩子却永远失去了父亲。7.新婚燕尔的丽德帕丝同丈夫去美国渡蜜月，她死死抱住丈夫不愿独自逃生，丈夫在万般无奈中一拳将她打昏，丽德帕丝醒来时，她已在一条海上救生艇上了。此后，她终生未再嫁，以此怀念亡夫。8.在瑞士洛桑的幸存者聚会上，史密斯夫人深情怀念一名无名母亲：当时我的两个孩子被抱上了救生艇，由于超载我坐不上去了，一位已经坐上救生艇的女士起身离座，把我推上了救生艇，对我喊了一声：上去吧，孩子不能没有母亲！这位伟大的女性没有留下名字。后来，大家为她竖了一个无名母亲纪念碑。9.死难者还有亿万富翁阿斯德、资深报人斯特德、炮兵少校巴特、著名工程师罗布尔等。他们把救生艇的位置让出来，给那些身无分文的农家妇女。泰坦尼克号上的50多名高级职员，除指挥救生的二副莱特勒幸存，全部战死在自己的岗位上。凌晨二点一号电报员约翰·菲利普接到船长弃船命令，各自逃生，但他仍坐在发报机房，保持着不停拍发“sos”的姿势，直至最后一刻。当船尾开始沉入水下，在那最后一刻，在生死离别的最后一刻，人们彼此呼喊的是：我爱你！我爱你！明天也许不能再见到你，但最最重要的是：我要让你知道，我有多么的爱你！10.也有不多的例外：细野正文是日本铁道院副参事，男扮女装，爬上了满载妇女和儿童的10号救生船逃生。回到日本立即解职，他受到所有日本报纸舆论指名道姓的公开指责，他在忏悔与耻辱里过了10年后死去。在1912年泰坦尼克号纪念集会上，白星轮船公司对媒体表示：没有所谓的海上规则要求男人们做出那么大的牺牲，他们那么做只能说是一种强者对弱者的关照，这是他们的个人选择。《永不沉没》的作者丹妮.阿兰巴特勒感叹：这是因为他们生下来就被教育：责任比其他更重要！
2022/4/27,比利時婦自稱鐵達尼號生還者 離世後真相曝光竟藏淒美愛情故事,無,浪漫程度不輸虛構的電影情節1997年上映，以「鐵達尼號沉沒事件」為背景的經典電影《鐵達尼號》令這艘傳奇巨型遊輪更添浪漫色彩，當中男女主角Jack與Rose的淒美愛情打動不少影迷的心。而原來在真實的沉船上亦深藏一段不為人知的愛情故事。一名比利時女子曾聲稱自己是鐵達尼號生還者，但由於當時登船用的是假名字，因為無人相信，直至她離世後家人整理其遺物是才發現她所說的都是真的，亦令一段深情的愛情故事曝光於世。綜合外媒報導，比利時女子梅恩（Berthe Antonine Mayné）出生於1887年，年輕時是一間酒店的駐唱歌手，在工作時認識了來自加拿大的曲棍球選手巴斯特（Quigg Baxter），兩人陷入愛河，卻由於身分懸殊，無法將戀情公開。而在兩人交往沒多久後，巴斯特就準備與家人搭乘「鐵達尼號」返回故鄉，可能再也不會再到比利時。最終梅恩決定跟隨愛人前往北美，當時巴斯特以「德維莉夫人（Mrs de Villiers）」的名字，替梅恩也買了一張船票，鐵達尼號啟航後，2人時常在甲板上約會，度過一段甜蜜的時光。可惜好景不長，遊輪在5天後撞上冰山慢慢沉沒，巴斯特聽從船東伊斯梅的建議，急忙帶母親、妹妹登上6號救生艇，之後又衝回船艙，帶梅恩穿越混亂的人群搭上救生艇，直到這一刻，巴斯特才將梅恩正式介紹給家人認識，並囑咐她們幫忙照顧梅恩，而自己卻決定留在船上，將生存的機會留給婦孺老弱。見到摯愛沒有上救生艇的意願，梅恩也一度拒絕上船，最後在其他乘客的勸說下，才搭乘救生艇離開。梅恩和巴斯特的家人在加拿大待了幾個月，不斷登報尋找他的下落，卻始終沒有任何消息。最終梅恩又返回歐洲，在法國巴黎繼續做駐唱歌手，但因為她忘不了巴斯特，所以終生未嫁也沒有子女。多年來，梅恩曾多次向親友說起這段經歷，卻因為當時登船用的不是本名，在船難名單上找不到她的名字，所以沒有人相信她的故事。直到梅恩1962年10月11日去世後，她的侄子找到一個裝滿遺物的鞋盒，裡面有梅恩與巴斯特的照片、情書，以及當初尋找巴斯特的剪報，這才證實她所說的一切都是真的。
2017/5/31,今日係......鐵達尼號最後一名生還者死忌,無,從事地圖繪製工作的Millvina Dean雖然只是英國一名公務員，但自從兩個月大時經歷了一件舉世知名的大事件後，她的人生從此變得不平凡。原來她就是鐵達尼號最年輕的乘客，也是最後一位離逝的生還者，自從她在2009年5月31日以97歲高齡壽終正寢，鐵達尼號的故事亦正式劃上句號。生於1912年2月2日的Millvina Dean於同年4月隨父母及哥哥登上鐵達尼號，準備舉家由英國移民到美國肯薩斯州維其塔市。4月14日晚，父親收到鐵達尼號撞上冰山的消息，帶同妻兒一起逃命，最後Millvina Dean與媽媽和哥哥被分配到第10首救生艇，然而她的父親卻隨着鐵達尼號沉沒大海。意外發生後，他們重新回到英國生活，直至8歲那年她媽媽打算改嫁，Millvina Dean才知道自己是鐵達尼號的生還者。Millvina Dean一生沒有結婚亦沒有子女，她的母親和哥哥與她同樣長壽，母親在96歲時離逝，哥哥則在鐵達尼號沉沒80周年的1992年4月14日逝世，享年81歲，至於她就在2009年5月31日於英國Ashurst的療養院因肺炎與世長辭。隨着她的離開，已沒有鐵達尼號的生還者尚在人間。
2017/12/29,鐵達尼號最後一位倖存者的遺言被世人流傳 重要的「人生課程」,無,1912年4月14日的鐵達尼號沉船事件，至今已104年。那是鐵達尼號首航，載著超過2200名遊客。沉船意外中，1523人喪失生命，有近乎300具屍體無法辨識身份。她是隨著哥哥和雙親要離開英國並搬遷到美國肯薩斯州（Kansas）。原文網址：https://kknews.cc/history/9x99prb.html1912年4月10 日，鐵達尼號離開南安普敦港展開首航。過了一個世紀，鐵達尼號殘骸安息在距離紐芬蘭島（Newfoundland）海岸370公里、深2.5英里的海底里，幾乎見不到陽光。如今，當天發生的狀況被發現更多的秘密。的一些生還者在多年後講述自己的故事，有些在前幾年已經離世，而最後一位生還者的遺言也被記錄下來。她是隨著哥哥和雙親要離開英國並搬遷到美國肯薩斯州（Kansas）。中一位，而父親在事故中罹難。是當初鐵達尼號啟航的地點，米維納也留在這裡過完她的一生。她接受良好教育，在經濟方面，也有資金援助並有幾份工作。世界第二大戰時，她曾經擔任秘書及地圖繪製者。1980年，越來越少的倖存者在世，多數媒體把焦點放在米維納身上。她曾經多次出席與鐵達尼號有關的活動，並從中得到各種有關意外的新發現。2007年，另外一位生還者離世，米維納就成為最後一位尚在人間的生還者。不過沒多久，米維納患病並需要昂貴的醫藥費。最終在2009年5月31日，她因肺炎而在醫院離世。無論如何，她最後的字句「我們永遠不知道明天會發生什麼，所以不應該每天過著恐怖的生活。長期計劃是沒用的，除了天天厭倦地工作，從來沒真正享受生活。不管你是25歲還是55歲，最重要的是活在當下，因為你不知道意外和明天哪個先來。事情總不會按照我們的意願發生，但事實總會被人們理解，並且被證實，改變已經被寫入關於鐵達尼號的事實。」或許，我們可以從這位倖存者身上學習一點道理，活在當下，別為未來那麼著急擔心。我們並不會知道哪一天是我們的最後一天，所以及時享樂吧！
2021/4/22,蒙冤百年　鐵達尼六華工獲正名,無,1912年4月14日的鐵達尼號沉船事件，至今已104年。那是鐵達尼號首航，載著超過2200名遊客。沉船意外中，1523人喪失生命，有近乎300具屍體無法辨識身份。她是隨著哥哥和雙親要離開英國並搬遷到美國肯薩斯州（Kansas）。原文網址：https://kknews.cc/history/9x99prb.html1912年4月10 日，鐵達尼號離開南安普敦港展開首航。過了一個世紀，鐵達尼號殘骸安息在距離紐芬蘭島（Newfoundland）海岸370公里、深2.5英里的海底里，幾乎見不到陽光。如今，當天發生的狀況被發現更多的秘密。的一些生還者在多年後講述自己的故事，有些在前幾年已經離世，而最後一位生還者的遺言也被記錄下來。她是隨著哥哥和雙親要離開英國並搬遷到美國肯薩斯州（Kansas）。中一位，而父親在事故中罹難。是當初鐵達尼號啟航的地點，米維納也留在這裡過完她的一生。她接受良好教育，在經濟方面，也有資金援助並有幾份工作。世界第二大戰時，她曾經擔任秘書及地圖繪製者。1980年，越來越少的倖存者在世，多數媒體把焦點放在米維納身上。她曾經多次出席與鐵達尼號有關的活動，並從中得到各種有關意外的新發現。2007年，另外一位生還者離世，米維納就成為最後一位尚在人間的生還者。不過沒多久，米維納患病並需要昂貴的醫藥費。最終在2009年5月31日，她因肺炎而在醫院離世。無論如何，她最後的字句「我們永遠不知道明天會發生什麼，所以不應該每天過著恐怖的生活。長期計劃是沒用的，除了天天厭倦地工作，從來沒真正享受生活。不管你是25歲還是55歲，最重要的是活在當下，因為你不知道意外和明天哪個先來。事情總不會按照我們的意願發生，但事實總會被人們理解，並且被證實，改變已經被寫入關於鐵達尼號的事實。」或許，我們可以從這位倖存者身上學習一點道理，活在當下，別為未來那麼著急擔心。我們並不會知道哪一天是我們的最後一天，所以及時享樂吧！
2014/5/28,一位鐵達尼號生還者的回憶,無,在1912年4月14日那個恐怖的夜晚，鐵達尼號上共有705人得救，1502人罹難。38歲的查爾斯·萊特勒是泰坦尼克二副，他是最后一個從冰冷的海水中被拖上救生船、職位最高的生還者。他寫下17頁回憶錄，詳述了沉船災難的細節。他在回憶錄中寫道：面對沉船災難，船長命令先讓婦女和兒童上救生艇，許多乘客顯得十分平靜，一些人則拒絕與親人分離。在第一艘救生艇下水后，我對甲板上一 名姓斯特勞的女人說：你能隨我一起到那只救生艇上去嗎？沒想到她搖了搖頭：不，我想還是待在船上好。 她的丈夫問：你為什麼不願意上救生艇呢？這名女人竟笑著回答：不，我還是陪著你。此後，我再也沒有見到過這對夫婦……我高喊：女人和孩子們過來！卻沒有幾名婦女願與親人分離，我根本找不到幾個願意撇下親人而獨自踏上救生艇的女人或孩子！萊特勒回憶道 : 只要我還活著，那一夜我永遠無法忘記！當船尾開始沉入水下，我聽到在那最後一刻，在生死離別的最後一刻，人們彼此呼喊的是：我愛你！我愛你！它，在向我們每一個人詮釋著愛的偉大！最最重要的是：我要讓你知道，我有多麼的愛你！亞斯特四世（當時世界第一首富）把懷著五個月身孕的妻子瑪德琳送上4號救生艇后，站在甲板上，帶著他的狗，點燃一根雪茄煙，對劃向遠處的小艇最后呼喊：我愛你們！一副默多克曾命令亞斯特上船，被亞斯特憤怒的拒絕：我喜歡最初的說法（保護弱者）！然后，把唯一的位置讓給三等艙的一個愛爾蘭婦女。幾天后，在北大西洋黎明的晨光中，打撈船員發現了他，頭顱被煙囪打碎.....他的資產可以建造十幾艘鐵達尼號，然而亞斯特拒絕了 可以逃命的所有正當理由。為保衛自己人格而戰，這是偉大男人的唯一選擇。著名銀行大亨古根海姆，穿上最華麗晚禮服：我要死得體面，像一個紳士。他給太太留下的紙條寫著：這條船不會有任何一個女性因我搶占了救生艇的位置，而剩在甲板上。我不會死得像一個畜生，我會像一個真正的男子漢。死難者還有億萬富翁阿斯德、資深報人斯特德、炮兵少校巴特、著名工程師羅布爾等， 他們都把救生艇的位置讓出來，給那些身無分文的農家婦女。斯特勞斯是世界第二巨富，美國梅西百貨公司創始人。他無論用什麼辦法，他的太太羅莎莉始終拒絕上八號救生艇，她說：多少年來，你去哪我去哪，我會陪你去你要去的任何地方。八號艇救生員對67歲的斯特勞斯先生提議：我保證不會有人反對像您這樣的老先生 上小艇。斯特勞斯堅定地回答：我絕不會在別的男人之前上救生艇。然後挽著63歲羅莎莉的手臂，一對老夫婦蹣姍地走到甲板的藤椅上坐下，等待著最后的時刻。 紐約市布朗區矗立著為斯特勞斯夫婦修建的紀念碑，上面刻著這樣的文字：再多再多的海水都不能淹沒的愛。六千多人出席了當年在曼哈頓卡耐基音樂廳舉行的紀念 斯特勞斯晚會。一名叫那瓦特列的法國商人把兩個孩子送上了救生艇，委托幾名婦女代為照顧，自己卻拒絕上船。兩個兒子得救后，世界各地的報紙紛紛登載兩個孩子的照片，直到他們的母親從照片上認出了他們，孩子卻永遠失去了父親。新婚燕爾的麗德帕絲同丈夫去美國渡蜜月，她死死抱住丈夫不願獨自逃生，丈夫在萬 般無奈中一拳將她打昏，麗德帕絲醒來時，她已在一條海上救生艇上了。此後，她終生未再嫁，以此懷念亡夫。在瑞士洛桑的幸存者聚會上，史密斯夫人深情懷念一名無名母親：當時我的兩個孩子被抱上了救生艇，由於超載我坐不上去了，一位已坐上救生艇的女士起身離座， 把我一把推上了救生艇，對我喊了一聲：上去吧，孩子不能沒有母親！這位偉大的女性沒有留下名字。後來為她豎了一個無名母親紀念碑。泰坦尼克號上的50多名高級職員，除指揮救生的二副萊特勒幸存，全部戰死在自己的崗位上。凌晨二點一號電報員約翰·菲利普接到船長棄船命令，各自逃生，但他仍坐在發報機房，保持著不停拍發「SOS」的姿式，直至最后一刻。也有不多的例外： 細野正文是日本鐵道院副參事，男扮女裝，爬上了滿載婦女和兒童的10號救生船逃生。回到日本被立即解職，他受到所有日本報紙輿論指名道姓的公開指責，他在懺悔與恥辱里過了10年後死去……在1912年鐵達尼號紀念集會上，白星輪船公司對媒體表示： 沒有所謂的海上規則要求男人們做出那麼大的犧牲，他們那麼做只能說是一種強者對弱者的關照，這是他們的個人選擇。《永不沉沒》的作者丹尼．阿蘭巴特勒感 嘆：這是因為他們生下來就被教育：責任比其他更重要！在生命面前，一切都是平等的，如果因為放開了愛人的手，選擇一個人守著一堆散發著銅臭的遺產茍且的活著，人生還有何意義！不管是面對生死還是生命中的任何磨難，相愛的手永遠都不會放開！
2016/3/18,鐵達尼號倖存者及其現狀,,"鐵達尼號倖存者鐵達尼號撞冰山沉沒之後，3點30分，卡納德公司的客船卡帕西亞號最先趕到了出事現場。4點鐘，卡帕西亞號的船員在北大西洋黎明的微光下發現了第一艘救生艇。救援工作一直持續到早上8點30分，第12號救生艇被繫上救援纜繩。鐵達尼號上2208名船員和旅客中，只有705人生還。卡帕西亞號的船長和牧師在大餐廳主持了一次悼念儀式。8點50分，掉頭返回紐約。悼念遇難者4月18日，卡帕西亞號抵達紐約港。經過自由女神像時，上萬人在曼哈頓島的巴特雷海岸觀看。在54號碼頭，大約3萬人佇立在雨水中默默地迎接鐵達尼號上的倖存者。鐵達尼號沉沒的消息震驚了整個西方世界。當時人們的震驚程度，不亞於本世紀美國的9.11事件。大西洋兩岸許多地方降了半旗。英國國王喬治五世和美國總統塔夫脫互致唁電。德皇威廉二世也拍發了弔唁電報。鐵達尼號船沉死了多少人1912年4月10日，鐵達尼號從英國南安普敦出發，途經法國瑟堡-奧克特維爾以及愛爾蘭昆士敦，計劃中的目的地為美國的，開始了這艘「夢幻客輪」的處女航。4月14日晚11點40分，鐵達尼號在北大西洋撞上冰山，兩小時四十分鐘後，4月15日凌晨2點20分沉沒，由於缺少足夠的救生艇，1503人葬生海底，造成了當時在和平時期最嚴重的一次航海事故，也是迄今為止最廣為人知的一次海難。鐵達尼號劇照電影《鐵達尼號》就是根據這一真實海難而改編。鐵達尼號航海事故生還者鐵達尼號最後存活於世的3名生還者皆女性。2006年5月6日，一名見證事件的生還者逝世，終年99歲，事發當時5歲。2007年10月16日，另外一位生還者逝世，終年96歲，事發當時她不足一歲，因此對事件沒有回憶。2009年5月31日，鐵達尼號最後一名倖存者英國人米莉維娜·迪恩在英國一家養老院中逝世，享年97歲。但她在意外時只有兩個月大，同樣對事件沒有回憶。鐵達尼號上的人「鐵達尼號」沉船死了1500多人，那麼那些活下來的人呢？日本一位名叫野細正文的鐵路局官員，在逃生的那一刻，當所有男人都被用搶抵住不准上救生艇時，他卻趁人不注意偷混上船而活了下來。結果回到日本之後，它所受到所有日本報紙及輿論指名道姓地公開指責，被指為苟且偷生的懦夫，致使他在懺悔與罪惡感中度過餘生。鐵達尼號劇照美國一對死裡逃生的貴族夫婦，在船難發生一年之內決定離婚，因為美國上流社會傳言丈夫是厚顏無恥才揀回了一條命，太太因為受不了這些謠言所以決定離婚。根據「鐵達尼號」的傷亡記載，頭等艙中的婦女143人中死了4個人（其中3個人志願留在船上），二等艙的婦女93人中死了15人，而三等艙的婦女179人中死了81位。但是在小孩方面，雖然二等艙的30位幼童中只有一位小孩子葬身海底，但三等艙的76名小孩中卻有53個人死亡。據了解，有4名頭等艙的男乘客因為偷偷穿上女人的衣服，才終於等上了救生艇而逃脫，雖然這些人求生的行為並無罪過，但是他們仍然受到社會輿論的譴責。鐵達尼號驚天秘密鐵達尼號作為一艘全世界都知道的豪華大船，和它有關的秘密也一直吸引和人們的目光。那麼，在鐵達尼號上面到底有多少秘密呢？鐵達尼號劇照1、約翰·摩根本來也是計劃乘坐鐵達尼號的，但在最後時刻取消了，於是他保住了一條命。而他正是鐵達尼號的建造人，同時也是摩根大通的創始人。2、鐵達尼號十分豪華而昂貴，據說一間套件的價格約合現在10萬美元。3、電影《鐵達尼號》中描述了一位大無畏的牧師，其實這個人是真的存在的，他拒絕上救生艇，因為他認為沒上救生艇的人們更需要他。4、泰坦尼克倖存者要給家裡報平安發電報居然還被收取1美元每字，於是有一個人就只用了一個字告訴她母親，那就是——「安全」。5、電影《鐵達尼號》有一場戲，男主角萊昂納多給女主角凱特·溫斯萊特畫裸體畫，而這幅畫在2011年被16000美元賣出。6、在鐵達尼號的倖存者中有一名日本人，按理說他死裡逃生應該是很幸運的，但是這位日本人一回去便丟了工作。原因竟然是他沒像大多數乘客一樣死亡。7、鐵達尼號上可謂是奢靡之極，最貴的10道菜就要價12000美元。8、鐵達尼號就是撞在這座冰山上沉沒的，船沉了，冰山還完好無損。鐵達尼號逃生真相在電影《鐵達尼號》裡，我們看到了一幅幅充滿人性，感人至深的溫暖畫面：白髮蒼蒼的老船長莊嚴宣布讓婦女兒童首先離船，並平靜地與鐵達尼號一同沉沒；一位仁慈而勇敢的牧師冒著生命危險返回正在沉沒的鐵達尼號動情呼籲：「讓婦女兒童先上救生艇！」；一位父親深情地親吻小女兒之後將她送上救生艇……然而，歷史的真相遠遠沒有那麼溫暖。白星航運公司（鐵達尼號的船東）的董事J·布魯斯·伊斯梅從來就不喜歡鐵達尼號的船長愛德華·史密斯和設計師托馬斯·安德魯斯。在船隻下沉時，伊斯梅擠上了一艘載著婦女兒童的救生艇，這使他的下半輩子都背負著罵名。關於伊斯梅是如何從鐵達尼號上逃脫的，流傳著很多個版本。一些目擊者認為他趁第一艘救生艇即將下水時偷偷溜了進去，一些則認為他從人群中擠到救生艇前，並以開槍相威脅，最終搭上了救生艇的末班車而離開。而伊斯梅自己則堅持他坐上救生艇的時候，鐵達尼號的甲板上已經空無一人了，他對於船上還有1500多人完全不知情。鐵達尼號劇照據說，鐵達尼號上只裝備了16艘救生艇也正是伊斯梅的主意。當船駛入冰山區域內時，據說也是伊斯梅命令船長保持原速前進。當然，面對生死抉擇，有些人選擇紳士般的死亡。攜帶傭人、司機等共同登船的富豪班傑明·古根海姆看到女性登上救生艇之後明白自己沒有獲救機會，他返回自己的船艙，穿上了自己的晚禮服。鐵達尼號上惟一的億萬富翁約翰·雅各布·阿斯德問負責救生艇的船員，他可否陪同正懷著身孕的妻子馬德琳上艇，那個船員說了一句「婦孺先上」之後，他就像一個真正的紳士一樣，回到甲板，安靜地坐在那裡，直到輪船沉沒，船上倒下的大煙囪把他砸進大西洋中。值得注意的是，船員中也有很多真正的英雄。二副赫伯特·萊托勒在鐵達尼號撞上冰山之時，脫離了觀察崗位，但他隨後成為了最積極幫助婦女兒童登上救生艇的船員。他知道，即使所有的救生艇全部塞滿人，大概也只能承載船上一半的乘客。最後，有人勸他上救生艇，他堅定地回答說：「絕對不行。」為了整理最後一艘救生艇，萊托勒被大浪捲走。但隨後一個引擎發生爆炸，將萊托勒帶回到了海面，他抓住了一艘傾覆的救生艇，有30個人和他一樣正絕望地抓著這最後一根稻草,他成為最後獲救的一批倖存者之一。鐵達尼號上「婦女兒童優先」的逃生口號並非是虛構，但是，逃生的機率主要取決於乘客當時所在的船艙等級。美國新澤西州州立大學教授、著名社會學家戴維·波普諾在他的《社會學》一書中這樣寫道：「……不幸的是救生船不夠。儘管很多人遇難，但乘客注意遵守『優先救助婦女兒童』的社會規範」，使得英國公眾和政府面對這一巨大災難，「可以找到一些安慰」統計數據表明，「乘客中69%的婦女和兒童活了下來，而男乘客只有17%得以生還」。這是鐵達尼號奉獻給世界的一條活生生的文明守則。"
2006/5/8,鐵達尼最後生還者　99歲辭世,,史上最慘痛的船難，鐵達尼號事故，最後一位居住在美國的生還者，阿斯普朗女士，6日在麻州的家中過世，享年99歲，船難發生時，她才5歲，是最後一位記得鐵達尼沉船事故前後的生還者，隨著她的辭世，這起船難的真實記憶，也將跟著她入土。電影鐵達尼號中，盪氣迴腸的愛情故事，感動了不少觀眾，但是，對極少數的生還者而言，這起史上最慘重的海難，一點也不浪漫。鐵達尼號最後一名美國籍生還者，阿斯普朗女士，在6日過世，享年99歲，1912年4月15日，年僅5歲的阿斯普朗和父母兄弟，搭上當時，號稱不沉之船的鐵達尼號，準備從瑞典前往英國定居，不料，鐵達尼號在北大西洋，撞上冰山，一家七口中，4人葬身海底，只有她和襁褓中的弟弟以及母親活下來。這起悲劇發生後，僅存的一家人，定居美國麻州，阿斯普朗終身未嫁，默默照顧她的母親，同時她也不喜歡拋頭露面，絕少談論這宗沉船事故。 雖然，鐵達尼號還有2名生還者，居住在英國，但是，事發生時，她們還是小寶寶，並沒有印象，隨著阿斯普朗女士的過世，鐵達尼事件真實回憶，也將跟著她的逝去，沈入歷史之中。
2017/8/30,鐵達尼號沉沒逾1500人遇難　最後救起一華人,,「鐵達尼號」是1912年建成的豪華郵輪，同年首航時卻發生沉船意外，造成逾1500人喪生，成為航海史上的大悲劇。其中幸運獲救的華人Fang Lang是鐵達尼號乘客中最後一名被救起的人，其故事發表在1912年5月題為《我怎樣從鐵達尼號沉沒中獲救》的雜誌文章中。文章記載，當救生艇上的乘客發現Fang Lang的時候，「當時我們都以為他死了」，後來被乘客拖上船後，5分鐘後他就恢復體力。此時有船員因太勞累快要暈倒時，Fang Lang還接過船槳划起來，指揮官更大讚他說：「他看起來像個英雄！」鐵達尼號是由英國白星航運公司設計、位於愛爾蘭貝爾法斯特的哈蘭德與沃爾夫造船廠興建，於1912年4月初完工，全長269.06米，寬28.19米，標準排水量為46328噸，吃水線到甲板的高度為18.3米，動力50000匹馬力，航速每小時23至24海里，總共可搭載3547名乘客和船員，是當時最大的客運輪船，號稱「世界工業史上的奇蹟」。惟1912年4月10日，鐵達尼號展開處女航，從英國南安普敦出發，原定橫渡大西洋前往美國紐約。4月14日深夜，船上瞭望人員因寒風影響視線，導致過晚報知前方有冰山，鐵達尼號不幸撞上冰山，翌日凌晨約2時郵輪斷開一半在大西洋沉沒，很多乘客因未能搭上救生船被扯入深海，或是泡在冰冷海水中凍死。最終死亡人數超過1500人，僅得約700人生還。
,愛永不沉沒 泰坦尼克的巨富們感動後世,周慧心,"1912年4月14日深夜，「不沉之船」——泰坦尼克號（也稱鐵達尼號，Titanic）在北大西洋撞上冰山。兩個多小時後，當地時間15日凌晨2點20分，泰坦尼克號沉沒，共有705人得救，1502人罹難。一百年後，當人們追憶那個恐怖、冰冷的夜晚時，總被那無數真實故事中流露出的人性光輝與高尚情懷所震撼與感動，其中，故事的主人翁包括擁有萬貫家財的世界巨富們。38歲的查爾斯．萊特勒（Charles Lightoller）是泰坦尼克二副、船上工作人員中職位最高的生還者，也是最後一個被從冰冷的海水中拖上救生船的人。他寫下17頁回憶錄，詳述了沉船災難的細節。他在回憶錄中寫道：面對沉船災難，船長命令先讓婦女和兒童上救生艇，許多乘客顯得十分平靜，一些人則拒絕與親人分離。「根本找不到幾個願意撇下親人而獨自踏上救生艇的女人或孩子！」在大副和萊特勒的勸說下，第一艘下水的救生艇能乘載65人，但僅有28人登船。4 月15日2時5分，最後一艘救生艇載著44人離開泰坦尼克號，留下1500多人等待死神到來。此時，泰坦尼克號老船長愛德華．約翰．史密斯 （Edward John Smith）向電報員布萊德和菲利普示意可以離開崗位。「現在要靠大家自己了。」這位白鬚老人說完後逕自走向艦橋。人間萬象 / 第407期 20141211愛永不沉沒 泰坦尼克的巨富們感動後世by 周慧心?""1912年4月14日深夜，號稱「不沉之船」的奢華郵輪泰坦尼克號在北大西洋撞上冰山。海難導致1502人遇難。圖為遊客在北愛爾蘭首都伯爾發斯特「鐵達尼號紀念館」觀看歷史照片。（AFP）一百年多年前，「不沉之船」——泰坦尼克號撞山冰山而沉沒，1500多人因此葬身冰冷海底；一百多年後，那夜感人的雋永故事未因故事主角沉入深海而被遺忘，相反的，那一段段永不沉沒的愛，永銘人們心中……文 _ 周慧心1912年4月14日深夜，「不沉之船」——泰坦尼克號（也稱鐵達尼號，Titanic）在北大西洋撞上冰山。兩個多小時後，當地時間15日凌晨2點20分，泰坦尼克號沉沒，共有705人得救，1502人罹難。一百年後，當人們追憶那個恐怖、冰冷的夜晚時，總被那無數真實故事中流露出的人性光輝與高尚情懷所震撼與感動，其中，故事的主人翁包括擁有萬貫家財的世界巨富們。2012年4月10日鐵達尼號沉船一百周年，在鐵達尼號出發地英國南安普敦新的海城博物館展出一艘鐵達尼號模型上，遊客拋以玫瑰致意。（Getty Images）38歲的查爾斯．萊特勒（Charles Lightoller）是泰坦尼克二副、船上工作人員中職位最高的生還者，也是最後一個被從冰冷的海水中拖上救生船的人。他寫下17頁回憶錄，詳述了沉船災難的細節。他在回憶錄中寫道：面對沉船災難，船長命令先讓婦女和兒童上救生艇，許多乘客顯得十分平靜，一些人則拒絕與親人分離。「根本找不到幾個願意撇下親人而獨自踏上救生艇的女人或孩子！」在大副和萊特勒的勸說下，第一艘下水的救生艇能乘載65人，但僅有28人登船。4 月15日2時5分，最後一艘救生艇載著44人離開泰坦尼克號，留下1500多人等待死神到來。此時，泰坦尼克號老船長愛德華．約翰．史密斯 （Edward John Smith）向電報員布萊德和菲利普示意可以離開崗位。「現在要靠大家自己了。」這位白鬚老人說完後逕自走向艦橋。泰坦尼克號老船長愛德華．約翰．史密斯（Edward John Smith）。（維基百科）當所有救生艇都離開後，泰坦尼克號上一片出奇的寧靜，大家彷彿不再驚慌，數百人靜靜地站在甲板上，接著，泰坦尼克號越來越傾斜。「所有燈火突然全部熄滅了，這時船身與海面差不多成了垂直的狀態，接著我開始聽到船身內部發出可怕的隆隆聲，就好像遙遠的雷鳴聲一樣。那些鍋爐脫離了它們的基座，一路下墜，穿破船身。深夜兩點鐘時，船身與海面變得徹底垂直，船尾高高翹起，這種令人驚異的景象一直持續了大約兩分鐘，接著它開始慢慢地、並不斷加速著靜靜滑入海底……」萊特勒寫道：「只要我活著，我永遠無法忘記那一夜，因為就當船尾開始沉入水下，我聽到在那最後一刻，在生死離別的最後一刻，人們彼此呼喊的是：『我愛你！我愛你！』」世界首富拒登救生艇最後呼喊：「我愛你們！」亞斯特四世（John Jacob Astor IV）是當時的世界首富。他把懷著五個月身孕的妻子瑪德琳送上四號救生艇後，然後帶著他的狗，站在甲板上，點燃一根雪茄，對著划向遠處的小艇最後呼喊：「我愛你們！」由於亞斯特上校對紐約的債券市場有著重要影響，大副默多克曾以軍令的方式命令「關鍵人物」亞斯特登上救生艇，亞斯特則「憤怒」地拒絕：「我喜歡最初的說法（保護弱者的古老守則）。」然後，他把座位讓給了一名三等艙的乘客──愛爾蘭婦女。幾天之後，在北大西洋黎明的晨光中，麥克凱．班尼特打撈船員發現了亞斯特。亞斯特的頭顱被煙囪打碎，口袋裡還有2440元美金……他的資產在當時可以建造十幾艘「泰坦尼克號」巨輪，然而亞斯特拒絕了所有可以逃命的正當理由。再多的海水都不能淹沒的愛斯特勞斯（Ida Straus）是世界第二巨富，美國梅西百貨公司（Macy's）創始人。直到今天，座落在紐約曼哈頓第六大道上的「梅西百貨」仍然是世界最大的百貨公司。當時，斯特勞斯無論用什麼辦法，都無法說服妻子羅莎莉始登上八號救生艇，羅莎莉告訴丈夫：「多少年來，你去哪我去哪，我會陪你去你要去的任何地方。」這位偉大的女性把自己的位子讓給了她的女傭，還將身上的毛皮大衣脫下來送給女傭：「我用不到它了！」八號艇救生員對67歲的斯特勞斯說：「我保證不會有人反對像您這樣的老先生上小艇。」斯特勞斯堅定地回答：「我絕不會在別的男人之前坐上救生艇。」然後挽著63歲羅莎莉的手臂，一對老夫婦蹣跚地走到甲板的籐椅上坐下，等待著最後的時刻。紐約市布朗區矗立著為斯特勞斯夫婦修建的紀念碑，上面刻著這樣的文字：再多的海水都不能淹沒的愛（Many waters cannot quench love, neither can the floods drown it.）。當年，6000多人出席了在曼哈頓卡耐基音樂廳舉行的紀念斯特勞斯的晚會。設計師與他的傑作一同葬身海底泰坦尼克號設計師托馬斯．安德魯斯（Thomas Andrews）最後消失在人們視線前，是獨自在一等艙吸菸室裡。不久後，他與自己一生的傑作一同葬身海底，屍體至今未被尋獲。「這要是一場夢該有多好！我從未想過，如此眾多生命竟然葬身在令我引以為傲的泰坦尼克號。我盼望這一切盡快結束，也許下一分鐘，海水就會衝破船壁，將我和泰坦尼克號徹底吞噬。我寧願這一刻早點到來，讓我像一個紳士一樣死去，只有那樣，才能撫平我內心的歉疚。對不起，我的乘客；對不起，我的妻子海倫，我最內疚的是，沒能陪妳度過餘生。」他悲痛地對船員說：「孩子，我沒有給你造一艘不會沉沒的船。」1912年4月19日，安德魯斯的父親收到一封電報。他眼含熱淚，驕傲地把電報讀給全家人聽：「泰坦尼克號上所有船員一致讚揚安德魯斯只顧他人安全，至死方休的英雄行為。」倖存者瑪麗．斯洛安是船上的服務員，她回憶說是安德魯斯說服她登上救生艇，而他自己則英雄般迎接命運的到來，再也找不到替代他如此英勇的人了。「上去吧，孩子不能沒有母親」著名銀行大亨本傑明．古根海姆（Benjamin Guggenheim），穿上最華麗晚禮服：「我要死得體面，像一個紳士。」他留下給太太的紙條寫著：「這條船不會有任何一名女性因我搶占了救生艇的位置，而留在甲板上。我不會死得像畜生一樣，我會像一個真正的男子漢。」一名叫那瓦特列（Navratil）的法國商人把兩個孩子米歇爾（Michelle）和埃蒙德（Edmond）送上了救生艇，委託幾名婦女代為照顧，自己卻拒絕上船。兩個兒子——後被稱為「泰坦尼克孤兒」——獲救後，世界各地的報紙紛紛登載他們的照片，直到他們的母親從照片上認出了他們，但孩子卻永遠失去了父親。新婚燕爾的麗德帕絲與丈夫去美國度蜜月，她死死抱住丈夫不願獨自逃生，丈夫在萬般無奈中一拳將她打昏。麗德帕絲醒來時，已在一艘救生艇上了。此後，她終生未再嫁，以此懷念亡夫。在瑞士洛桑的倖存者聚會上，史密斯夫人深情懷念一名無名母親：「當時我的兩個孩子被抱上了救生艇，由於超載我坐不上去了，一位已坐上救生艇的女士起身離座，將我一把推上了救生艇，對我喊了一聲：『上去吧，孩子不能沒有母親！』這位偉大的女性沒有留下名字。」後來人們為她豎了一座無名母親紀念碑。泰坦尼克號上的50多名高級職員，除指揮救生的二副萊特勒倖存外，全部戰死在自己的崗位上。凌晨兩點，一號電報員約翰．菲利普接到船長棄船命令，但他仍坐在發報機房，保持著不停拍發「SOS」的姿式，直至最後一刻。1912年泰坦尼克號紀念集會上，白星輪船公司對媒體表示，沒有所謂的海上規則要求男人們做出犧牲，他們那麼做只能說是一種強者對弱者的關照，這是他們的個人選擇。《永不沉沒》（Unsinkable : The Full Story of RMS Titanic）的作者丹尼．阿蘭巴特勒（Daniel Butler）感歎：「這是因為他們生下來就被教育：『責任比其他更重要！』」有網友在其微博上寫道：「這是真正大寫的『人』！我認為，比風靡一時的電影更加令人感動。電影是再塑造的，當事人的記載更真實。如果我遇到類似的處境，在我優柔寡斷的時候，我會記起『泰坦尼克號的真實』。要想為苟且偷生找個藉口是太容易不過的事情了。」"
